Date,ensemble_preds,sarimax_preds
1/1/2024,2130.562782,1717.57994
1/2/2024,2412.590574,2020.014026
1/3/2024,2476.450787,2037.778064
1/4/2024,2315.830481,1885.417266
1/5/2024,1741.18326,1246.268943
1/6/2024,1384.624877,992.997732
1/7/2024,1782.249306,1434.703264
1/8/2024,2368.803505,2042.904613
1/9/2024,2525.680321,2149.390329
1/10/2024,2517.332179,2080.619953
1/11/2024,2385.393249,1891.620453
1/12/2024,1802.887837,1275.326916
1/13/2024,1494.240823,1056.701432
1/14/2024,1941.860348,1490.960122
1/15/2024,2453.028356,2079.24593
1/16/2024,2679.959496,2165.630109
1/17/2024,2596.110192,2087.459584
1/18/2024,2379.138887,1894.129272
1/19/2024,1856.996661,1279.090608
1/20/2024,1597.884133,1063.016592
1/21/2024,2023.98878,1496.376673
1/22/2024,2568.150206,2082.79404
1/23/2024,2644.958748,2167.355594
1/24/2024,2544.812283,2088.320099
1/25/2024,2385.465172,1894.583265
1/26/2024,1831.909428,1279.63202
1/27/2024,1488.112581,1063.765091
1/28/2024,1897.889173,1497.040437
1/29/2024,2447.018678,2083.292615
1/30/2024,2576.563607,2167.694704
1/31/2024,2492.532494,2088.583184
2/1/2024,2344.288286,1894.810404
2/2/2024,1781.253844,1279.866086
2/3/2024,1514.976737,1064.016612
2/4/2024,1917.346281,1497.284455
2/5/2024,2459.151969,2083.522295
2/6/2024,2538.880204,2167.910591
2/7/2024,2518.800457,2088.792486
2/8/2024,2377.626482,1895.016586
2/9/2024,1793.05326,1280.072847
2/10/2024,1495.840015,1064.224863
2/11/2024,1893.785119,1497.492054
2/12/2024,2379.2817,2083.728658
2/13/2024,2509.165465,2168.115765
2/14/2024,2490.517445,2088.997092
2/15/2024,2273.784842,1895.220923
2/16/2024,1786.005504,1280.277233
2/17/2024,1496.63295,1064.429378
2/18/2024,1843.999792,1497.696513
2/19/2024,2367.545745,2083.93301
2/20/2024,2439.61154,2168.320015
2/21/2024,2478.319593,2089.201293
2/22/2024,2264.072252,1895.425101
2/23/2024,1759.906872,1280.481415
2/24/2024,1464.274958,1064.633571
2/25/2024,1761.378842,1497.900701
2/26/2024,2282.660606,2084.137189
2/27/2024,2486.627084,2168.524185
2/28/2024,2400.24818,2089.405459
2/29/2024,2268.37206,1895.629265
3/1/2024,1786.784697,1280.685579
3/2/2024,1427.558547,1064.837736
3/3/2024,1770.617831,1498.104865
3/4/2024,2251.714166,2084.341353
3/5/2024,2381.044837,2168.728348
3/6/2024,2360.259063,2089.609622
3/7/2024,2238.520963,1895.833427
3/8/2024,1698.741445,1280.889742
3/9/2024,1340.320912,1065.041898
3/10/2024,1726.093017,1498.309028
3/11/2024,2365.777763,2084.545516
3/12/2024,2448.18134,2168.932511
3/13/2024,2352.539092,2089.813784
3/14/2024,2162.969741,1896.03759
3/15/2024,1649.002111,1281.093905
3/16/2024,1396.916083,1065.246061
3/17/2024,1792.669855,1498.513191
3/18/2024,2320.433575,2084.749678
3/19/2024,2435.94567,2169.136673
3/20/2024,2353.46356,2090.017947
3/21/2024,2210.358987,1896.241752
3/22/2024,1726.281343,1281.298067
3/23/2024,1412.611993,1065.450223
3/24/2024,1828.84693,1498.717353
3/25/2024,2352.316319,2084.953841
3/26/2024,2478.615429,2169.340836
3/27/2024,2380.786472,2090.222109
3/28/2024,2201.919653,1896.445915
3/29/2024,1567.309697,1281.50223
3/30/2024,1320.943099,1065.654386
3/31/2024,1651.170724,1498.921516
4/1/2024,2033.830679,2085.158003
4/2/2024,2201.890726,2169.544998
4/3/2024,2201.934014,2090.426272
4/4/2024,1844.33709,1896.650077
4/5/2024,1405.380939,1281.706392
4/6/2024,1265.322124,1065.858549
4/7/2024,1638.004994,1499.125678
4/8/2024,2196.175349,2085.362166
4/9/2024,2284.23213,2169.749161
4/10/2024,2271.004817,2090.630434
4/11/2024,2041.722962,1896.85424
4/12/2024,1565.030161,1281.910555
4/13/2024,1309.472805,1066.062711
4/14/2024,1610.051284,1499.329841
4/15/2024,2088.311765,2085.566328
4/16/2024,2257.973835,2169.953323
4/17/2024,2172.320856,2090.834597
4/18/2024,1977.304339,1897.058402
4/19/2024,1545.290548,1282.114717
4/20/2024,1325.155713,1066.266874
4/21/2024,1623.604521,1499.534003
4/22/2024,2202.694221,2085.770491
4/23/2024,2315.589015,2170.157486
4/24/2024,2180.571969,2091.038759
4/25/2024,2057.070082,1897.262565
4/26/2024,1579.730042,1282.31888
4/27/2024,1289.397471,1066.471036
4/28/2024,1650.67383,1499.738166
4/29/2024,2084.010635,2085.974653
4/30/2024,2155.160351,2170.361648
5/1/2024,2063.647327,2091.242922
5/2/2024,1864.211596,1897.466728
5/3/2024,1467.992754,1282.523042
5/4/2024,1198.680302,1066.675199
5/5/2024,1526.026217,1499.942328
5/6/2024,1973.57405,2086.178816
5/7/2024,2063.100981,2170.565811
5/8/2024,2029.689368,2091.447084
5/9/2024,1869.393859,1897.67089
5/10/2024,1437.254788,1282.727205
5/11/2024,1246.877458,1066.879361
5/12/2024,1543.05092,1500.146491
5/13/2024,1942.017101,2086.382978
5/14/2024,2071.057413,2170.769973
5/15/2024,2016.895128,2091.651247
5/16/2024,1856.471432,1897.875053
5/17/2024,1409.597427,1282.931367
5/18/2024,1231.531459,1067.083524
5/19/2024,1490.395169,1500.350653
5/20/2024,1886.511689,2086.587141
5/21/2024,1985.376331,2170.974136
5/22/2024,1979.826564,2091.855409
5/23/2024,1830.839935,1898.079215
5/24/2024,1399.173958,1283.13553
5/25/2024,1101.796097,1067.287686
5/26/2024,1295.889853,1500.554816
5/27/2024,1670.12779,2086.791303
5/28/2024,1891.530967,2171.178298
5/29/2024,1881.772309,2092.059572
5/30/2024,1782.887178,1898.283378
5/31/2024,1306.820611,1283.339692
6/1/2024,1083.734857,1067.491849
6/2/2024,1401.215828,1500.758978
6/3/2024,1849.377458,2086.995466
6/4/2024,1960.126677,2171.382461
6/5/2024,1969.829852,2092.263734
6/6/2024,1811.301656,1898.48754
6/7/2024,1409.663045,1283.543855
6/8/2024,1235.017397,1067.696011
6/9/2024,1535.484407,1500.963141
6/10/2024,1969.787974,2087.199628
6/11/2024,2032.308018,2171.586623
6/12/2024,2005.402376,2092.467897
6/13/2024,1850.17039,1898.691703
6/14/2024,1474.977738,1283.748017
6/15/2024,1194.130717,1067.900174
6/16/2024,1500.235703,1501.167303
6/17/2024,1960.573399,2087.403791
6/18/2024,1999.214471,2171.790786
6/19/2024,1926.903362,2092.672059
6/20/2024,1891.67826,1898.895865
6/21/2024,1394.329803,1283.95218
6/22/2024,1161.466629,1068.104336
6/23/2024,1477.806814,1501.371466
6/24/2024,1954.777477,2087.607953
6/25/2024,1976.227805,2171.994948
6/26/2024,2002.647039,2092.876222
6/27/2024,1855.416355,1899.100028
6/28/2024,1332.073241,1284.156342
6/29/2024,1103.800829,1068.308499
6/30/2024,1404.764727,1501.575628
7/1/2024,1678.585011,2087.812116
7/2/2024,1879.301057,2172.199111
7/3/2024,1873.040615,2093.080385
7/4/2024,1555.920473,1899.30419
7/5/2024,1129.288203,1284.360505
7/6/2024,982.0864049,1068.512661
7/7/2024,1333.243233,1501.779791
7/8/2024,1670.551711,2088.016278
7/9/2024,1740.332523,2172.403273
7/10/2024,1557.422212,2093.284547
7/11/2024,1440.394248,1899.508353
7/12/2024,1172.284254,1284.564667
7/13/2024,968.8441348,1068.716824
7/14/2024,1247.030628,1501.983953
7/15/2024,1681.411875,2088.220441
7/16/2024,1780.703451,2172.607436
7/17/2024,1754.815643,2093.48871
7/18/2024,1667.636178,1899.712515
7/19/2024,1309.68268,1284.76883
7/20/2024,1061.527503,1068.920986
7/21/2024,1333.530431,1502.188116
7/22/2024,1797.111999,2088.424603
7/23/2024,1835.133842,2172.811599
7/24/2024,1775.488967,2093.692872
7/25/2024,1720.095962,1899.916678
7/26/2024,1338.903996,1284.972992
7/27/2024,1111.56678,1069.125149
7/28/2024,1416.789567,1502.392278
7/29/2024,1724.825431,2088.628766
7/30/2024,1821.592894,2173.015761
7/31/2024,1762.018879,2093.897035
8/1/2024,1737.902642,1900.12084
8/2/2024,1343.778458,1285.177155
8/3/2024,1145.932889,1069.329311
8/4/2024,1480.261977,1502.596441
8/5/2024,1797.32287,2088.832928
8/6/2024,1875.055708,2173.219924
8/7/2024,1848.172548,2094.101197
8/8/2024,1683.190799,1900.325003
8/9/2024,1288.373784,1285.381317
8/10/2024,1147.141944,1069.533474
8/11/2024,1319.286085,1502.800603
8/12/2024,1693.052118,2089.037091
8/13/2024,1733.112914,2173.424086
8/14/2024,1728.792028,2094.30536
8/15/2024,1579.115712,1900.529165
8/16/2024,1265.862052,1285.58548
8/17/2024,1036.041764,1069.737636
8/18/2024,1288.675519,1503.004766
8/19/2024,1619.055495,2089.241253
8/20/2024,1766.521487,2173.628249
8/21/2024,1691.541311,2094.509522
8/22/2024,1644.242005,1900.733328
8/23/2024,1224.663341,1285.789642
8/24/2024,1056.53032,1069.941799
8/25/2024,1313.288202,1503.208928
8/26/2024,1726.184385,2089.445416
8/27/2024,1852.238248,2173.832411
8/28/2024,1797.514227,2094.713685
8/29/2024,1604.656669,1900.93749
8/30/2024,1197.178741,1285.993805
8/31/2024,961.6275426,1070.145961
9/1/2024,1159.61966,1503.413091
9/2/2024,1464.066005,2089.649578
9/3/2024,1620.786932,2174.036574
9/4/2024,1649.733016,2094.917847
9/5/2024,1560.360795,1901.141653
9/6/2024,1208.119006,1286.197967
9/7/2024,983.6557516,1070.350124
9/8/2024,1168.3597,1503.617253
9/9/2024,1627.06455,2089.853741
9/10/2024,1821.942397,2174.240736
9/11/2024,1810.516627,2095.12201
9/12/2024,1646.264362,1901.345815
9/13/2024,1270.78579,1286.40213
9/14/2024,1101.722951,1070.554286
9/15/2024,1332.22911,1503.821416
9/16/2024,1723.408179,2090.057903
9/17/2024,1827.849777,2174.444899
9/18/2024,1751.266473,2095.326172
9/19/2024,1678.914539,1901.549978
9/20/2024,1300.463365,1286.606292
9/21/2024,1083.291502,1070.758449
9/22/2024,1371.07933,1504.025579
9/23/2024,1753.144753,2090.262066
9/24/2024,1772.527796,2174.649061
9/25/2024,1785.202499,2095.530335
9/26/2024,1600.770733,1901.75414
9/27/2024,1258.080687,1286.810455
9/28/2024,1067.425724,1070.962611
9/29/2024,1299.042831,1504.229741
9/30/2024,1629.379182,2090.466228
10/1/2024,1828.11814,2174.853224
10/2/2024,1847.743319,2095.734497
10/3/2024,1734.280428,1901.958303
10/4/2024,1329.588293,1287.014617
10/5/2024,1107.579583,1071.166774
10/6/2024,1404.159364,1504.433904
10/7/2024,1786.169333,2090.670391
10/8/2024,1936.06054,2175.057386
10/9/2024,1829.257383,2095.93866
10/10/2024,1746.192938,1902.162465
10/11/2024,1330.181505,1287.21878
10/12/2024,1097.701363,1071.370936
10/13/2024,1394.160938,1504.638066
10/14/2024,1842.757294,2090.874553
10/15/2024,1969.287836,2175.261549
10/16/2024,1929.179505,2096.142822
10/17/2024,1774.840263,1902.366628
10/18/2024,1394.247026,1287.422943
10/19/2024,1181.360955,1071.575099
10/20/2024,1467.59,1504.842229
10/21/2024,1939.757389,2091.078716
10/22/2024,1995.578471,2175.465711
10/23/2024,1919.718778,2096.346985
10/24/2024,1799.621658,1902.57079
10/25/2024,1453.301824,1287.627105
10/26/2024,1215.344274,1071.779261
10/27/2024,1481.228791,1505.046391
10/28/2024,1905.087076,2091.282879
10/29/2024,2055.82661,2175.669874
10/30/2024,2048.92387,2096.551147
10/31/2024,1870.334939,1902.774953
11/1/2024,1501.237413,1287.831268
11/2/2024,1266.317097,1071.983424
11/3/2024,1572.452697,1505.250554
11/4/2024,2012.798838,2091.487041
11/5/2024,2148.31788,2175.874036
11/6/2024,2009.68621,2096.75531
11/7/2024,1905.600723,1902.979115
11/8/2024,1528.601274,1288.03543
11/9/2024,1295.146155,1072.187586
11/10/2024,1628.58233,1505.454716
11/11/2024,2032.850535,2091.691204
11/12/2024,2079.689394,2176.078199
11/13/2024,2036.984031,2096.959472
11/14/2024,1918.578386,1903.183278
11/15/2024,1514.505832,1288.239593
11/16/2024,1316.614936,1072.391749
11/17/2024,1645.009875,1505.658879
11/18/2024,2021.267594,2091.895366
11/19/2024,2092.415491,2176.282361
11/20/2024,1949.940232,2097.163635
11/21/2024,1791.580219,1903.38744
11/22/2024,1495.234806,1288.443755
11/23/2024,1296.164894,1072.595911
11/24/2024,1656.699594,1505.863041
11/25/2024,2123.405833,2092.099529
11/26/2024,2175.860694,2176.486524
11/27/2024,2142.783882,2097.367797
11/28/2024,1826.920035,1903.591603
11/29/2024,1406.934472,1288.647918
11/30/2024,1228.674811,1072.800074
