Date,total_usage,xgboost_pred,ridge_pred,en_pred,prophet_pred,avg_usage_plags,avg_usage_plags_week,ensemble_preds,sarimax_preds
1/1/2024,1707.53,1744.863403,2048.970019,1761.712908,2194.69815,2027.943469,2165.420202,2130.562782,1717.57994
1/2/2024,2586.38,2273.848481,2525.230845,2250.650258,2278.332157,2160.463771,2190.450128,2412.590574,2020.014026
1/3/2024,2492.32,2679.36584,2834.790846,2713.27963,2243.604759,2093.631581,2102.660755,2476.450787,2037.778064
1/4/2024,2711.78,2477.412826,2357.338189,2102.123325,2101.766123,1818.557648,1889.225319,2315.830481,1885.417266
1/5/2024,1793.21,2042.448213,1882.125163,1747.664884,1577.587819,1449.661263,1347.011787,1741.18326,1246.268943
1/6/2024,1561.24,1228.751443,1301.472006,1086.628681,1297.559662,1300.710603,1145.997043,1384.624877,992.997732
1/7/2024,2082.68,1839.196116,1783.055197,1675.419937,1788.44614,1614.847855,1566.373596,1782.249306,1434.703264
1/8/2024,1978.18,2600.492256,2530.67445,2601.232621,2345.954396,2038.217844,2160.582681,2368.803505,2042.904613
1/9/2024,2561.29,2115.493629,2491.464669,2533.372989,2439.124769,2174.707458,2200.653319,2525.680321,2149.390329
1/10/2024,2640.7,2439.625091,2704.880336,2783.667531,2411.066234,2102.750073,2110.379372,2517.332179,2080.619953
1/11/2024,1956.24,2451.419009,2359.887496,2401.53358,2272.86963,1831.203849,1899.988617,2385.393249,1891.620453
1/12/2024,1603.025,1393.711802,1540.501337,1344.134542,1749.225938,1450.467073,1354.177532,1802.887837,1275.326916
1/13/2024,1459.865,1641.421862,1402.177467,1478.85632,1466.624449,1307.250687,1160.476085,1494.240823,1056.701432
1/14/2024,2338.71,1866.517557,1819.905308,1660.489418,1951.908319,1623.583385,1582.787213,1941.860348,1490.960122
1/15/2024,3012.74,2502.580926,2591.440998,2704.34732,2500.939524,2053.808598,2168.838319,2453.028356,2079.24593
1/16/2024,2916.59,3100.566065,3012.555174,3287.465546,2582.984318,2197.826508,2207.321085,2679.959496,2165.630109
1/17/2024,2611.46,2746.792225,2640.932275,2681.932057,2541.441707,2140.932866,2135.351819,2596.110192,2087.459584
1/18/2024,2492.33,2576.870465,2209.638626,2313.294074,2387.748023,1866.848011,1921.929787,2379.138887,1894.129272
1/19/2024,1849.66,2116.212874,1792.69289,1922.774751,1846.985147,1480.817128,1370.55067,1856.996661,1279.090608
1/20/2024,1473.45,1576.81567,1745.77455,1752.586208,1546.067481,1338.032335,1165.483479,1597.884133,1063.016592
1/21/2024,1745.15,2255.494006,1984.665361,2053.610508,2012.285526,1647.194531,1592.827213,2023.98878,1496.376673
1/22/2024,2214.35,2366.917883,2326.53466,2259.525716,2541.958398,2068.12924,2172.484277,2568.150206,2082.79404
1/23/2024,2169.42,2346.189447,2420.243968,2491.369436,2604.806763,2207.919134,2217.286298,2644.958748,2167.355594
1/24/2024,1981.32,2144.701494,2241.609094,2236.229865,2544.669033,2136.736274,2140.954266,2544.812283,2088.320099
1/25/2024,2023.13,2128.673928,2010.070529,1794.778208,2373.394271,1866.055944,1931.106064,2385.465172,1894.583265
1/26/2024,1248.77,1629.022365,1660.631327,1677.594188,1816.439669,1474.259363,1375.653968,1831.909428,1279.63202
1/27/2024,1322.98,1118.273952,1266.533229,1118.509975,1501.047987,1334.016749,1166.83933,1488.112581,1063.765091
1/28/2024,1766.05,1829.935109,1942.193887,1766.253848,1954.783076,1642.98224,1594.834979,1897.889173,1497.040437
1/29/2024,2530.99,2234.880353,2453.167618,2195.726052,2474.17602,2073.953486,2173.651617,2447.018678,2083.292615
1/30/2024,2441.12,2419.146548,2588.514775,2440.719173,2529.093534,2209.400698,2218.678319,2576.563607,2167.694704
1/31/2024,2664.16,2493.970071,2314.491349,2239.907289,2463.451575,2144.228341,2138.491713,2492.532494,2088.583184
2/1/2024,2216.47,2280.668636,2326.631732,2357.926851,2289.107664,1873.561162,1927.273085,2344.288286,1894.810404
2/2/2024,1640.13,1593.856169,1636.824614,1633.881462,1731.459745,1484.249575,1363.531415,1781.253844,1279.866086
2/3/2024,1581.55,1437.135325,1482.889023,1515.110593,1417.626946,1339.375821,1154.991138,1514.976737,1064.016612
2/4/2024,1945.56,1977.66908,1933.266871,1910.309333,1874.990194,1653.371782,1585.380191,1917.346281,1497.284455
2/5/2024,2420.44,2297.296786,2364.159121,2405.494898,2399.845084,2078.883989,2167.777681,2459.151969,2083.522295
2/6/2024,2490.53,2272.015302,2439.824468,2546.749273,2461.7784,2219.782765,2217.473213,2538.880204,2167.910591
2/7/2024,2416.25,2332.071656,2376.668001,2461.237442,2404.390989,2145.825603,2146.489053,2518.800457,2088.792486
2/8/2024,1937.2,2292.851906,2229.755309,2175.057327,2239.2002,1882.541084,1934.339787,2377.626482,1895.016586
2/9/2024,1456.03,1439.911029,1539.78898,1514.757767,1691.249409,1482.982547,1361.306734,1793.05326,1280.072847
2/10/2024,1461.26,1418.853456,1447.054606,1509.37702,1387.299662,1342.507804,1154.41066,1495.840015,1064.224863
2/11/2024,1786.56,1983.775076,1840.174113,1800.301841,1854.381071,1649.415078,1581.633596,1893.785119,1497.492054
2/12/2024,2415.22,2490.654666,2217.028245,2317.290723,2388.456043,2078.169911,2166.992894,2379.2817,2083.728658
2/13/2024,2493.66,2289.251517,2432.1928,2513.940769,2458.805426,2220.719737,2221.213723,2509.165465,2168.115765
2/14/2024,2256.23,2303.307858,2363.232962,2414.763498,2408.76002,2154.646274,2150.039585,2490.517445,2088.997092
2/15/2024,2189.28,2345.107625,1958.892853,1877.264685,2249.610389,1888.982279,1945.607553,2273.784842,1895.220923
2/16/2024,1483.23,1673.817903,1707.782711,1780.628563,1706.222319,1488.348905,1369.087798,1786.005504,1280.277233
2/17/2024,1275.08,1392.918484,1423.918414,1404.313958,1405.232773,1341.116799,1157.192574,1496.63295,1064.429378
2/18/2024,1650.58,1722.528944,1678.920622,1641.497303,1873.603887,1642.038374,1577.932745,1843.999792,1497.696513
2/19/2024,2004.13,2172.698042,2196.084321,2196.9041,2407.287013,2070.440358,2162.056404,2367.545745,2083.93301
2/20/2024,2383.84,2095.189639,2201.095244,2145.153659,2475.607917,2215.851246,2220.025,2439.61154,2168.320015
2/21/2024,2104.56,2374.628169,2426.264269,2351.75628,2421.995593,2149.762754,2149.905862,2478.319593,2089.201293
2/22/2024,1994.73,2010.578135,1950.384924,1802.386881,2257.887786,1893.784179,1956.054787,2264.072252,1895.425101
2/23/2024,1626.53,1528.55135,1645.144666,1571.282507,1708.340668,1491.521754,1377.590883,1759.906872,1280.481415
2/24/2024,1208.14,1579.299211,1450.537139,1495.704468,1400.217756,1340.153782,1158.86183,1464.274958,1064.633571
2/25/2024,1775.06,1637.166306,1477.629993,1426.035272,1860.735824,1637.226642,1571.067532,1761.378842,1497.900701
2/26/2024,2315.84,2238.68915,2170.007885,2290.541383,2386.120093,2058.776335,2148.41034,2282.660606,2084.137189
2/27/2024,2196.6,2308.616319,2381.867349,2389.074548,2445.980077,2209.676832,2215.356489,2486.627084,2168.524185
2/28/2024,2254.13,2168.012306,2131.350786,2048.414826,2384.028863,2139.410352,2137.713947,2400.24818,2089.405459
2/29/2024,2694.98,2154.614657,2088.580527,2114.35393,2211.979206,1889.00848,1950.102872,2268.37206,1895.629265
3/1/2024,1753.73,1856.110737,2034.406777,2097.83104,1655.144173,1489.345296,1369.743862,1786.784697,1280.685579
3/2/2024,1278.38,1367.323384,1371.306856,1458.755301,1340.617733,1345.574117,1153.436085,1427.558547,1064.837736
3/3/2024,1460.56,1836.091792,1622.548849,1695.589435,1795.81327,1636.447112,1567.319234,1770.617831,1498.104865
3/4/2024,2528.51,2151.227786,2034.528383,1935.130984,2317.112558,2056.680804,2143.833745,2251.714166,2084.341353
3/5/2024,2295.02,2425.425123,2446.048896,2625.203392,2374.236744,2212.64862,2215.532128,2381.044837,2168.728348
3/6/2024,2120.17,2270.046175,2298.808718,2318.067497,2310.962292,2143.431581,2131.478521,2360.259063,2089.609622
3/7/2024,2195.57,2016.45067,2153.811658,2149.786298,2139.015321,1890.701218,1950.888617,2238.520963,1895.833427
3/8/2024,1032.34,1695.063591,1565.483091,1717.680727,1583.672184,1483.095911,1357.443117,1698.741445,1280.889742
3/9/2024,815.62,739.2739905,832.2882303,757.6786877,1271.941615,1322.255905,1139.326936,1340.320912,1065.041898
3/10/2024,2031.18,1331.356572,1639.459456,1403.315047,1731.106409,1622.275101,1546.066149,1726.093017,1498.309028
3/11/2024,2671.94,2436.043007,2671.81972,2581.104249,2257.377055,2046.163095,2129.032574,2365.777763,2084.545516
3/12/2024,2381.92,2698.765068,2557.483031,2469.175687,2320.268715,2220.011972,2212.184149,2448.18134,2168.932511
3/13/2024,2047.94,2241.916216,2347.092134,2364.639608,2263.324302,2141.880575,2123.048096,2352.539092,2089.813784
3/14/2024,2100.28,1966.36469,2035.178967,1947.282445,2098.016885,1888.404067,1947.641702,2162.969741,1896.03759
3/15/2024,1325.5,1486.7576,1476.747393,1323.172233,1549.358966,1471.474514,1345.204181,1649.002111,1281.093905
3/16/2024,1167.4,1115.255432,1262.176597,1193.349551,1244.093726,1318.84081,1134.957574,1396.916083,1065.246061
3/17/2024,1891.93,1641.815039,1845.492163,1764.816244,1709.245877,1618.824475,1541.621894,1792.669855,1498.513191
3/18/2024,2777.69,2465.599678,2437.602407,2512.36976,2240.78426,2041.312682,2124.988638,2320.433575,2084.749678
3/19/2024,2681.36,2596.541852,2499.582177,2556.323054,2308.007297,2215.258263,2205.087766,2435.94567,2169.136673
3/20/2024,2464.64,2484.717697,2395.226842,2447.496884,2254.273766,2134.999838,2119.403309,2353.46356,2090.017947
3/21/2024,2178.8,2134.613022,2180.484054,2239.508767,2090.911881,1879.347631,1942.42883,2210.358987,1896.241752
3/22/2024,1414.49,1492.849133,1524.122447,1473.842372,1542.834005,1453.74038,1331.569713,1726.281343,1281.298067
3/23/2024,1617.62,1137.74293,1193.25409,1312.116539,1236.731911,1295.812374,1125.410234,1412.611993,1065.450223
3/24/2024,1865.76,2060.697423,2037.113388,2283.037945,1699.630084,1603.028799,1538.73083,1828.84693,1498.717353
3/25/2024,2432.18,2345.384603,2357.123047,2434.269204,2227.54912,2035.491397,2126.944596,2352.316319,2084.953841
3/26/2024,2476.15,2424.30087,2406.536073,2453.850261,2289.890289,2206.666497,2200.030851,2478.615429,2169.340836
3/27/2024,2125.4,2266.313223,2181.79246,2316.90303,2230.163745,2128.421123,2115.210011,2380.786472,2090.222109
3/28/2024,815.61,1955.842337,1896.604258,1888.005533,2059.893424,1868.316067,1930.734043,2201.919653,1896.445915
3/29/2024,337.14,281.6211694,794.2762732,593.6054587,1504.226092,1438.631609,1318.816521,1567.309697,1281.50223
3/30/2024,673.22,657.4800574,857.1400614,681.5673142,1190.11959,1280.002598,1121.965766,1320.943099,1065.654386
3/31/2024,1263.73,1339.153716,1473.771789,1239.917425,1644.888007,1591.151034,1536.821149,1651.170724,1498.921516
4/1/2024,2549.45,2423.683979,2108.495955,1969.046479,2164.856055,2026.831229,2124.747681,2033.830679,2085.158003
4/2/2024,2872.97,2291.729694,2656.160231,2620.018535,2219.734001,2208.707615,2208.214043,2201.890726,2169.544998
4/3/2024,2687.65,2662.767546,2435.212924,2257.041681,2153.335908,2130.66805,2126.87267,2201.934014,2090.426272
4/4/2024,2245.82,2355.573492,1712.933529,1812.406457,1977.474563,1866.32876,1931.173511,1844.33709,1896.650077
4/5/2024,1585.16,1682.066277,1271.893712,1555.730298,1417.56083,1427.298447,1310.356415,1405.380939,1281.706392
4/6/2024,1404.03,1590.479679,1309.870182,1481.293125,1100.782797,1274.208028,1110.679596,1265.322124,1065.858549
4/7/2024,1383.09,1981.37668,1658.66115,1774.301268,1554.642728,1590.988542,1523.205298,1638.004994,1499.125678
4/8/2024,1974.64,2028.993748,2202.513743,2191.900142,2075.604364,2025.279832,2115.828745,2196.175349,2085.362166
4/9/2024,2359.94,2107.808259,2351.047425,2339.878816,2133.462135,2222.909067,2212.513511,2284.23213,2169.749161
4/10/2024,2067.83,2245.657659,2263.743471,2265.959069,2072.055274,2140.916989,2131.530223,2271.004817,2090.630434
4/11/2024,1644.84,2014.103689,1695.895589,1555.741408,1903.160307,1870.693453,1929.101702,2041.722962,1896.85424
4/12/2024,1108.773,1106.678501,1320.855844,1345.237551,1352.089788,1425.802078,1302.293011,1565.030161,1281.910555
4/13/2024,1149.606,1019.761503,1148.817744,1123.600828,1045.872685,1266.235922,1106.379702,1309.472805,1066.062711
4/14/2024,1576.79,1636.412824,1572.107281,1411.56925,1511.794412,1581.317587,1522.039872,1610.051284,1499.329841
4/15/2024,2246.86,2354.074119,2311.43183,2273.262133,2046.048987,2019.52343,2110.57034,2088.311765,2085.566328
4/16/2024,2385.066,2285.608749,2585.136275,2436.867685,2118.114775,2208.175028,2213.012234,2257.973835,2169.953323
4/17/2024,2078.29,2271.843237,2223.699711,2133.520738,2071.476614,2125.834553,2122.205755,2172.320856,2090.834597
4/18/2024,2130.64,1788.469779,1767.371595,1652.664224,1917.527602,1849.56695,1919.187872,1977.304339,1897.058402
4/19/2024,1572.59,1574.481553,1553.591551,1638.406173,1381.178157,1415.047101,1294.04517,1545.290548,1282.114717
4/20/2024,1189.4,1438.566776,1314.803264,1393.604161,1089.047463,1263.308693,1100.224553,1325.155713,1066.266874
4/21/2024,2078.3,1568.984045,1447.906602,1438.448997,1568.014993,1583.075615,1516.906468,1623.604521,1499.534003
4/22/2024,2311.78,2246.721356,2478.918972,2587.547621,2113.88426,2025.273441,2105.764064,2202.694221,2085.770491
4/23/2024,2041.65,2283.33986,2453.581071,2347.798248,2195.769927,2215.193944,2212.295489,2315.589015,2170.157486
4/24/2024,2099.24,1979.123614,2090.201131,1978.669823,2156.830729,2131.207011,2120.573628,2180.571969,2091.038759
4/25/2024,1818.63,1960.062571,1980.796232,1936.668465,2008.181193,1842.897978,1910.437553,2057.070082,1897.262565
4/26/2024,1273.15,1160.228511,1398.151777,1340.34136,1474.509457,1415.001235,1292.155702,1579.730042,1282.31888
4/27/2024,967.43,1009.720374,1201.791828,1318.946178,1182.276038,1262.901542,1094.144553,1289.397471,1066.471036
4/28/2024,1579.92,1402.619667,1556.663655,1478.119082,1658.271029,1578.397346,1520.149979,1650.67383,1499.738166
4/29/2024,1904.5,2029.472429,2058.296851,2018.180201,2198.28168,2019.997173,2099.070447,2084.010635,2085.974653
4/30/2024,2177.75,2016.982262,2003.840833,1963.126923,2271.481373,2202.172715,2206.149106,2155.160351,2170.361648
5/1/2024,1894.784,2133.339497,2189.623087,2109.357982,2221.162377,2121.349693,2116.541819,2063.647327,2091.242922
5/2/2024,1945.088,1809.06023,1752.539469,1697.489771,2058.645343,1835.291352,1911.29117,1864.211596,1897.466728
5/3/2024,1099.352,1254.901843,1374.42834,1477.617376,1508.892878,1400.855939,1281.318149,1467.992754,1282.523042
5/4/2024,1096.208,775.3303325,968.8506539,935.5998501,1198.70216,1250.876514,1086.450936,1198.680302,1066.675199
5/5/2024,1725.008,1477.334617,1582.155217,1577.891872,1655.254212,1571.685112,1520.756574,1526.026217,1499.942328
5/6/2024,2063.52,2121.037968,2172.242526,2077.295884,2174.772007,2012.068603,2098.266085,1973.57405,2086.178816
5/7/2024,2457.508,2239.725902,2129.970024,2043.774537,2226.898646,2183.758425,2193.460277,2063.100981,2170.565811
5/8/2024,2060.37,2291.450352,2280.903286,2393.377775,2155.418298,2113.215112,2107.407287,2029.689368,2091.447084
5/9/2024,1835.05,1864.968724,1732.886405,1725.282744,1972.153159,1827.843855,1903.817426,1869.393859,1897.67089
5/10/2024,1238.736,1075.171094,1294.203891,1362.409359,1402.564134,1395.513235,1270.129766,1437.254788,1282.727205
5/11/2024,1124.504,942.0229568,1173.171221,1180.329497,1073.930518,1248.083631,1072.883894,1246.877458,1066.879361
5/12/2024,1467.2,1646.226107,1540.225092,1530.280445,1513.88668,1571.387156,1513.322191,1543.05092,1500.146491
5/13/2024,2051.984,2155.564929,1982.281636,1966.692471,2019.068238,2006.742704,2084.126511,1942.017101,2086.382978
5/14/2024,2176.69,2123.120848,2188.45234,2266.613352,2059.479318,2175.88476,2189.870468,2071.057413,2170.769973
5/15/2024,1773.22,2025.353361,2074.276019,1990.953596,1979.203862,2101.978374,2098.198777,2016.895128,2091.651247
5/16/2024,1543.704,1680.004561,1679.442765,1597.306058,1790.294531,1805.701162,1891.397106,1856.471432,1897.875053
5/17/2024,1442.048,995.2910972,1173.065204,1126.280197,1218.367101,1382.104318,1263.826638,1409.597427,1282.931367
5/18/2024,1048,1236.565075,1261.949832,1342.190786,890.775841,1236.928939,1066.666319,1231.531459,1067.083524
5/19/2024,1453.57,1608.420654,1402.225993,1367.520152,1335.147952,1564.89462,1506.658574,1490.395169,1500.350653
5/20/2024,1977.58,1851.765251,1957.146357,1972.104108,1848.029657,2006.848011,2083.487511,1886.511689,2086.587141
5/21/2024,2369.53,1938.403376,2054.955143,2099.286896,1899.25552,2173.675486,2186.965787,1985.376331,2170.974136
5/22/2024,2127.44,2126.378587,2098.284368,2038.79647,1832.663903,2091.243737,2091.922819,1979.826564,2091.855409
5/23/2024,1880.112,1916.926801,1823.236231,1849.449007,1659.992016,1795.25905,1882.648106,1830.839935,1898.079215
5/24/2024,762.944,1353.336548,1265.843242,1487.902486,1106.478267,1366.162922,1255.233745,1399.173958,1283.13553
5/25/2024,309.16,368.3132017,587.5521968,676.1600629,799.0471993,1218.839285,1061.188872,1101.796097,1067.287686
5/26/2024,665.48,693.2616235,732.8564816,800.7941679,1264.854851,1542.417838,1496.686128,1295.889853,1500.554816
5/27/2024,1413.752,1320.780171,1431.366194,1426.059189,1799.946802,1986.639073,2075.279745,1670.12779,2086.791303
5/28/2024,1997.488,1858.639299,1933.901386,1758.252276,1873.640185,2154.788346,2181.821851,1891.530967,2171.178298
5/29/2024,2116.96,1964.806974,2012.823405,1902.973382,1829.252239,2093.307045,2091.45984,1881.772309,2092.059572
5/30/2024,1749.11,1948.085778,1865.198664,1689.185062,1678.008474,1793.442564,1882.915787,1782.887178,1898.283378
5/31/2024,1260.75,1226.45613,1197.343029,1107.993607,1144.657851,1367.866268,1246.451447,1306.820611,1283.339692
6/1/2024,1302.67,1073.532211,960.3520456,863.8639463,855.669885,1208.958017,1046.221532,1083.734857,1067.491849
6/2/2024,1794.18,1675.187731,1500.770036,1411.348206,1337.791208,1528.041374,1480.805383,1401.215828,1500.758978
6/3/2024,2094.96,2267.851021,2141.591735,2201.356508,1886.713563,1973.624603,2061.988277,1849.377458,2086.995466
6/4/2024,2204.99,2201.927873,2176.094537,2355.750795,1971.464241,2149.334704,2178.333426,1960.126677,2171.382461
6/5/2024,2214.43,2006.323923,2088.677606,2118.401017,1935.14134,2082.071391,2092.349096,1969.829852,2092.263734
6/6/2024,1870.68,2011.461311,1760.029526,1870.137439,1788.826737,1787.289732,1887.350787,1811.301656,1898.48754
6/7/2024,1337.248,1429.526191,1226.367939,1328.063032,1257.204073,1364.614017,1254.392723,1409.663045,1283.543855
6/8/2024,1260.744,992.6980122,1180.613224,1274.829732,966.7566062,1206.868318,1050.905362,1235.017397,1067.696011
6/9/2024,1781.6,1542.707989,1498.210831,1569.900991,1444.322461,1531.218771,1484.768787,1535.484407,1500.963141
6/10/2024,2026.83,2108.355127,2145.267709,2226.626362,1985.759311,1965.388257,2050.642638,1969.787974,2087.199628
6/11/2024,2035.21,2000.165226,2202.034905,2272.773372,2060.329611,2139.509352,2169.035574,2032.308018,2171.586623
6/12/2024,2012.16,1915.866021,2110.377843,2075.698492,2011.428926,2076.20776,2085.341755,2005.402376,2092.467897
6/13/2024,2214.42,1941.741192,1763.455788,1717.960603,1850.490443,1780.584218,1879.749191,1850.17039,1898.691703
6/14/2024,1030.184,1549.575334,1552.881854,1747.838295,1302.593228,1360.226737,1248.48217,1474.977738,1283.748017
6/15/2024,1095.16,775.3565922,968.5743495,1029.152756,994.649354,1202.687972,1049.868277,1194.130717,1067.900174
6/16/2024,1721.87,1615.79501,1467.470341,1544.100109,1453.947715,1516.226514,1481.235596,1500.235703,1501.167303
6/17/2024,2076.09,2084.373204,2065.687619,2006.62472,1976.806912,1952.564324,2046.172957,1960.573399,2087.403791
6/18/2024,1856.008,2184.746891,2058.934229,2109.021553,2032.948628,2124.021363,2166.214617,1999.214471,2171.790786
6/19/2024,2160.976,1762.476506,1924.256369,1995.554741,1966.214354,2063.153615,2083.1075,1926.903362,2092.672059
6/20/2024,1830.85,1764.845232,1923.992591,1892.352723,1788.458892,1766.498173,1880.224404,1891.67826,1898.895865
6/21/2024,1241.88,1145.705286,1168.411678,1209.172205,1225.148445,1349.640983,1242.491894,1394.329803,1283.95218
6/22/2024,1117.171,1126.208072,1066.279443,1263.227945,903.5387063,1192.875235,1046.447213,1161.466629,1068.104336
6/23/2024,1796.274,1489.139292,1527.457781,1524.560583,1351.210986,1516.437559,1481.687404,1477.806814,1501.371466
6/24/2024,2045.698,2057.339857,2104.483687,2040.923188,1864.718924,1950.081939,2052.457213,1954.777477,2087.607953
6/25/2024,2260.54,2043.192566,1982.710284,2063.805999,1913.957368,2121.893743,2165.541085,1976.227805,2171.994948
6/26/2024,2361.142,2150.015258,2182.010715,2269.047087,1842.876348,2059.378609,2083.361181,2002.647039,2092.876222
6/27/2024,1627.542,2038.002291,1894.868845,2074.504469,1663.373617,1764.250765,1878.638872,1855.416355,1899.100028
6/28/2024,990.36,946.5316851,780.0270767,1007.316623,1100.893565,1346.611816,1238.89817,1332.073241,1284.156342
6/29/2024,990.358,891.375625,761.6820983,1114.911697,782.6078281,1188.601978,1041.747862,1103.800829,1068.308499
6/30/2024,1994.34,1343.473356,1192.285188,1430.371376,1235.955551,1509.895939,1485.976809,1404.764727,1501.575628
7/1/2024,2460.704,2136.618809,1828.783173,2332.966062,1757.295672,1950.645709,2055.39017,1678.585011,2087.812116
7/2/2024,1848.672,2137.365255,2167.654568,2478.628027,1816.28263,2122.03286,2170.289489,1879.301057,2172.199111
7/3/2024,541.816,1694.374011,1923.395733,1888.087331,1756.588203,2054.157039,2085.655532,1873.040615,2093.080385
7/4/2024,51.352,524.4119854,842.7689712,419.8444575,1589.802691,1747.010709,1876.419851,1555.920473,1899.30419
7/5/2024,135.192,232.6518199,365.303279,20.53480177,1041.042977,1318.204575,1233.14317,1129.288203,1284.360505
7/6/2024,579.544,453.3450151,800.1806035,497.3214575,737.1425408,1171.205106,1041.13933,982.0864049,1068.512661
7/7/2024,1400.128,1499.875421,1642.809717,1324.514017,1205.201075,1508.91348,1499.488511,1333.243233,1501.779791
7/8/2024,2349.616,2132.260874,2085.210185,1830.376058,1741.245829,1949.562749,2068.954787,1670.551711,2088.016278
7/9/2024,2025.784,2233.861865,2216.140596,1958.514262,1814.615812,2110.698235,2170.167489,1740.332523,2172.403273
7/10/2024,1967.096,2048.102787,1674.00888,1288.978198,1768.691342,2033.01762,2070.683255,1557.422212,2093.284547
7/11/2024,2023.688,1877.365264,1611.75954,1305.574587,1614.801946,1725.130888,1850.542426,1440.394248,1899.508353
7/12/2024,964.16,1333.763745,1391.141538,1481.865841,1077.839991,1309.895492,1214.915851,1172.284254,1284.564667
7/13/2024,404.528,817.794964,811.865452,954.5161167,784.4549729,1172.782804,1034.677032,968.8441348,1068.716824
7/14/2024,1119.264,1101.030197,1235.329557,1220.956894,1261.606045,1505.571637,1495.936043,1247.030628,1501.983953
7/15/2024,2351.712,1857.753319,1999.510223,1772.46388,1805.224855,1947.370168,2075.837191,1681.411875,2088.220441
7/16/2024,2096,2281.037806,2240.578119,2139.742267,1884.59984,2108.724816,2174.960298,1780.703451,2172.607436
7/17/2024,2276.256,2029.065483,1906.869147,1750.090097,1843.104488,2026.033821,2067.332362,1754.815643,2093.48871
7/18/2024,2241.672,1898.164051,1921.349778,1955.315634,1692.102689,1727.784073,1854.812723,1667.636178,1899.712515
7/19/2024,1370.784,1497.937564,1467.543999,1542.944247,1156.558648,1309.69376,1218.443617,1309.68268,1284.76883
7/20/2024,909.664,1057.373905,1102.989177,1130.020859,863.2264718,1184.562749,1039.779564,1061.527503,1068.920986
7/21/2024,1715.576,1573.527464,1633.9326,1526.950398,1339.197172,1514.709648,1492.473851,1333.530431,1502.188116
7/22/2024,2092.856,2180.64024,2363.123989,2385.036682,1880.555384,1962.96343,2082.894447,1797.111999,2088.424603
7/23/2024,2051.984,2017.701367,2054.532213,2021.470472,1956.757147,2120.66048,2176.712957,1835.133842,2172.811599
7/24/2024,2127.44,2188.752875,1970.295082,2166.763509,1911.35151,2033.741788,2067.114979,1775.488967,2093.692872
7/25/2024,2045.696,1900.391447,1975.897605,1988.277664,1755.879283,1739.875246,1862.390298,1720.095962,1899.916678
7/26/2024,1311.048,1444.383561,1286.304411,1293.237784,1215.476655,1315.515872,1221.497702,1338.903996,1284.972992
7/27/2024,1166.424,850.2553059,999.5790201,1072.719862,917.0589728,1184.192453,1035.423702,1111.56678,1069.125149
7/28/2024,1447.288,1595.677113,1647.247392,1647.574637,1387.862629,1517.021324,1492.646255,1416.789567,1502.392278
7/29/2024,2033.12,1988.981115,1953.940092,2021.246494,1924.097495,1963.991184,2083.197809,1724.825431,2088.628766
7/30/2024,2000.632,2090.720788,2070.861186,2059.703707,1995.321388,2112.946827,2171.665021,1821.592894,2173.015761
7/31/2024,2086.56,1965.217236,2003.910633,2073.782528,1945.159422,2024.995095,2053.847426,1762.018879,2093.897035
8/1/2024,1777.408,2016.51575,1910.22723,1918.32678,1785.201608,1731.100117,1849.901,1737.902642,1900.12084
8/2/2024,1379.168,1123.969218,1237.31691,1241.818506,1240.606458,1305.597101,1209.38034,1343.778458,1285.177155
8/3/2024,1318.384,1141.470979,1115.493243,1188.620204,938.2858399,1184.53805,1032.082468,1145.932889,1069.329311
8/4/2024,1223.016,1639.468869,1688.572946,1664.333064,1405.448986,1511.457816,1490.380809,1480.261977,1502.596441
8/5/2024,1831.904,1864.060739,1748.609964,1667.332255,1938.257986,1958.427765,2087.26366,1797.32287,2088.832928
8/6/2024,1607.632,2073.752129,1970.746664,2013.786709,2006.20612,2101.633777,2174.956638,1875.055708,2173.219924
8/7/2024,1655.84,1698.911732,1784.856004,1658.674364,1952.841735,2016.102156,2061.624234,1848.172548,2094.101197
8/8/2024,1258.648,1593.930363,1633.294408,1562.592289,1789.670842,1724.571994,1853.664809,1683.190799,1900.325003
8/9/2024,1291.136,1060.184346,1038.068685,978.6603494,1241.765991,1299.641179,1210.329149,1288.373784,1285.381317
8/10/2024,719.976,944.0082839,1223.238359,1188.204926,935.9564792,1180.430933,1036.523787,1147.141944,1069.533474
8/11/2024,1094.112,1156.145159,1139.536156,904.742793,1399.377576,1500.356274,1488.397149,1319.286085,1502.800603
8/12/2024,1588.768,1661.53241,1769.147403,1616.727015,1928.130902,1951.248883,2092.911681,1693.052118,2089.037091
8/13/2024,1778.456,1779.745814,1808.82004,1632.218688,1991.667136,2086.449788,2175.096447,1733.112914,2173.424086
8/14/2024,1456.72,1820.653834,1788.518532,1687.049572,1933.513548,2002.575888,2059.596681,1728.792028,2094.30536
8/15/2024,1347.728,1456.335146,1505.724407,1279.079756,1765.17944,1720.462318,1855.932979,1579.115712,1900.529165
8/16/2024,1119.264,967.4130586,1207.437094,1087.020938,1211.766887,1303.60319,1222.949426,1265.862052,1285.58548
8/17/2024,955.776,1024.117844,980.257072,904.0748653,900.1617744,1184.689335,1036.214915,1036.041764,1069.737636
8/18/2024,1125.552,1306.59619,1240.069292,1059.254358,1357.582754,1492.138598,1479.780149,1288.675519,1503.004766
8/19/2024,1892.68,1662.96063,1725.127568,1623.894717,1880.240256,1945.873978,2086.580277,1619.055495,2089.241253
8/20/2024,2133.73,1808.10823,2007.269766,1874.008479,1937.716736,2076.271073,2170.628957,1766.521487,2173.628249
8/21/2024,2049.89,1942.458638,1828.343435,1892.390085,1873.69076,1987.744291,2051.734872,1691.541311,2094.509522
8/22/2024,1275.41,1900.082688,1826.118752,1713.498835,1699.838059,1721.686162,1857.820617,1644.242005,1900.733328
8/23/2024,1052.19,956.6676599,1072.119311,1071.20545,1141.437126,1307.850061,1229.336596,1224.663341,1285.789642
8/24/2024,883.46,869.8070959,954.6669284,863.6719721,825.5544896,1197.234475,1045.952213,1056.53032,1069.941799
8/25/2024,1553.14,1463.992471,1274.044353,1121.298651,1279.587484,1510.348676,1486.741234,1313.288202,1503.208928
8/26/2024,1943,2206.890793,2091.150389,2078.839413,1799.916849,1965.193609,2099.295064,1726.184385,2089.445416
8/27/2024,2011.11,2073.782684,2198.901391,2110.714108,1856.280564,2090.606961,2167.453,1852.238248,2173.832411
8/28/2024,1824.57,1772.59558,1880.317125,1767.564071,1792.491737,1994.821274,2051.830298,1797.514227,2094.713685
8/29/2024,1395.94,1726.241608,1548.265487,1469.805843,1620.333899,1722.081676,1850.522957,1604.656669,1900.93749
8/30/2024,685.39,1041.415159,990.8769473,1089.903771,1065.161476,1306.154553,1230.369362,1197.178741,1285.993805
8/31/2024,206.45,478.1603247,651.037326,718.646712,754.0807785,1191.425128,1045.621468,961.6275426,1070.145961
9/1/2024,397.19,430.1430847,754.351903,709.5166148,1214.489477,1500.852832,1489.898255,1159.61966,1503.413091
9/2/2024,1032.28,1146.448972,1297.518136,1163.441331,1742.727054,1944.957486,2092.007936,1464.066005,2089.649578
9/3/2024,2090.76,1806.337556,1769.70679,1396.760791,1808.447731,2078.28048,2167.444915,1620.786932,2174.036574
9/4/2024,2099.14,2089.651064,2142.034469,1980.618175,1755.338747,1983.96733,2050.968489,1649.733016,2094.917847
9/5/2024,2037.31,1832.972428,1830.493906,1469.595679,1595.017388,1720.003022,1849.755085,1560.360795,1901.141653
9/6/2024,1445.19,1664.037264,1453.6898,1409.142968,1052.634501,1306.745961,1228.60766,1208.119006,1286.197967
9/7/2024,1173.77,1074.643308,1050.64756,950.7661997,755.0597863,1189.779642,1043.015723,983.6557516,1070.350124
9/8/2024,1779.5,1418.472271,1204.550129,1209.375456,1229.426729,1504.353089,1483.858043,1168.3597,1503.617253
9/9/2024,2259.49,2126.569275,2149.140359,2196.193199,1771.789523,1953.671765,2088.827191,1627.06455,2089.853741
9/10/2024,2184.03,2105.942194,2354.298459,2457.621284,1851.50332,2095.007128,2176.11066,1821.942397,2174.240736
9/11/2024,2053.04,1983.902299,2110.71387,2135.438796,1811.95046,2004.95867,2056.876787,1810.516627,2095.12201
9/12/2024,1628.6,1893.663276,1660.371362,1824.150195,1664.445871,1729.971777,1859.469128,1646.264362,1901.345815
9/13/2024,1247.12,1188.974268,1103.944517,1173.120039,1133.849119,1310.185648,1236.479255,1270.78579,1286.40213
9/14/2024,771.33,1024.274694,1074.189972,1145.649463,846.7581411,1186.515207,1045.575362,1101.722951,1070.554286
9/15/2024,1573.05,1261.260115,1191.319573,1179.101495,1330.062283,1501.149346,1493.060277,1332.22911,1503.821416
9/16/2024,2179.84,1999.000287,2031.86157,2129.492259,1879.606716,1949.867709,2094.500809,1723.408179,2090.057903
9/17/2024,1966.05,1942.344669,2272.970117,2414.823054,1964.579349,2099.658279,2177.94534,1827.849777,2174.444899
9/18/2024,2216.52,1936.821488,1936.948298,1855.644478,1928.242663,2008.273877,2059.107851,1751.266473,2095.326172
9/19/2024,1997.49,2036.724544,1999.754951,1972.760334,1781.84347,1737.251575,1859.672745,1678.914539,1901.549978
9/20/2024,1271.224,1421.79603,1317.533233,1384.268593,1250.227914,1313.436788,1244.238936,1300.463365,1286.606292
9/21/2024,979.88,962.5793162,1052.218959,1075.301446,960.0366468,1181.521877,1043.506532,1083.291502,1070.758449
9/22/2024,1507.03,1770.904292,1475.583564,1496.81691,1438.257698,1501.247313,1504.786447,1371.07933,1504.025579
9/23/2024,1667.37,2176.792695,1999.104828,1943.194751,1980.889123,1949.912425,2099.352511,1753.144753,2090.262066
9/24/2024,1906.31,1892.685231,1832.374483,1766.211302,2057.322534,2102.929642,2180.522149,1772.527796,2174.649061
9/25/2024,1598.2,1763.558535,2018.722676,2018.217711,2011.070031,2011.498514,2054.500191,1785.202499,2095.530335
9/26/2024,1731.29,1558.095172,1512.86648,1353.537443,1853.66764,1741.393754,1858.323915,1600.770733,1901.75414
9/27/2024,1202.06,1260.369895,1231.622159,1315.972736,1310.282745,1319.621749,1244.986851,1258.080687,1286.810455
9/28/2024,740.94,935.854281,1063.760799,988.3750113,1007.900628,1186.569989,1046.938021,1067.425724,1070.962611
9/29/2024,1066.87,1346.606077,1332.54537,1133.529658,1473.867898,1502.31395,1509.477511,1299.042831,1504.229741
9/30/2024,1561.52,1806.614812,1800.844364,1576.112823,2004.545129,1951.296156,2103.032511,1629.379182,2090.466228
10/1/2024,2280.45,1658.407344,1763.936329,1621.946512,2069.680103,2099.087084,2181.670553,1828.11814,2174.853224
10/2/2024,1671.56,2144.576358,2138.777704,2238.292315,2013.124484,2014.065207,2052.508383,1847.743319,2095.734497
10/3/2024,1516.46,1491.962039,1603.834682,1464.294183,1846.727297,1749.589346,1864.306681,1734.280428,1901.958303
10/4/2024,1106.69,1162.007119,1156.934189,1094.46405,1295.933028,1326.013575,1255.833553,1329.588293,1287.014617
10/5/2024,898.14,914.5065741,924.7369501,848.4595803,987.9597189,1191.265682,1056.021319,1107.579583,1071.166774
10/6/2024,1512.26,1705.392808,1357.074388,1125.083116,1450.335093,1513.928413,1526.622723,1404.159364,1504.433904
10/7/2024,1879.06,2077.784597,2028.229722,1998.054701,1979.54328,1967.500749,2117.48283,1786.169333,2090.670391
10/8/2024,1753.5,1926.708693,2067.572528,2044.002136,2045.393706,2110.805184,2191.637894,1936.06054,2175.057386
10/9/2024,1938.8,1846.510071,1736.478098,1548.811764,1991.735137,2017.89181,2054.767851,1829.257383,2095.93866
10/10/2024,1551.04,1797.8755,1832.724261,1789.600305,1830.348346,1756.638609,1867.493809,1746.192938,1902.162465
10/11/2024,1064.77,974.7590552,1255.494411,1094.252795,1286.54527,1337.863654,1263.202383,1330.181505,1287.21878
10/12/2024,1038.57,844.8515125,993.8185078,959.8882512,987.3500171,1205.775547,1063.331851,1097.701363,1071.370936
10/13/2024,1485.02,1518.941643,1345.372681,1373.359075,1460.039723,1527.434581,1532.735596,1394.160938,1504.638066
10/14/2024,2447.08,2007.85783,2005.373223,1821.491548,2000.797689,1975.55305,2120.042936,1842.757294,2090.874553
10/15/2024,2210.22,2275.311812,2446.226284,2576.707099,2079.090223,2121.979922,2193.468319,1969.287836,2175.261549
10/16/2024,2059.81,2190.715415,2037.909472,1908.924238,2038.389955,2024.884101,2057.507426,1929.179505,2096.142822
10/17/2024,1870.85,1973.713076,1794.831823,1747.852877,1890.07886,1759.331603,1871.772532,1774.840263,1902.366628
10/18/2024,1429.23,1298.540063,1358.825987,1432.939155,1359.058546,1337.446,1266.52834,1394.247026,1287.422943
10/19/2024,1095.16,1073.1162,1219.534326,1257.459221,1071.942899,1204.505771,1064.162915,1181.360955,1071.575099
10/20/2024,1571.21,1579.286404,1536.382669,1562.76243,1555.61072,1534.168503,1537.572298,1467.59,1504.842229
10/21/2024,2151.68,2111.804299,2108.068732,2113.752584,2105.87047,1974.226279,2121.102298,1939.757389,2091.078716
10/22/2024,2015.97,2003.149025,2108.848968,2119.24103,2191.848217,2128.253218,2194.097574,1995.578471,2175.465711
10/23/2024,1817.6,1831.894316,1901.589549,1988.772876,2156.721214,2024.474089,2057.69317,1919.718778,2096.346985
10/24/2024,1890.68,1771.407648,1734.040364,1624.593453,2011.630054,1770.574497,1875.80434,1799.621658,1902.57079
10/25/2024,1633.86,1374.02137,1499.803087,1472.269147,1481.29669,1356.216816,1276.759723,1453.301824,1287.627105
10/26/2024,1171.36,1255.237289,1312.910986,1429.372921,1192.223161,1231.919469,1078.256426,1215.344274,1071.779261
10/27/2024,1443.85,1512.657577,1493.246492,1486.419104,1671.248476,1560.695229,1552.43666,1481.228791,1505.046391
10/28/2024,2118.24,2076.984644,2048.73002,2033.114304,2214.21564,1986.571933,2128.685702,1905.087076,2091.282879
10/29/2024,2695.61,2365.440882,2225.408429,2031.532045,2290.359805,2135.139363,2192.823319,2055.82661,2175.669874
10/30/2024,1763,2417.74092,2394.325704,2458.219337,2243.039975,2031.717514,2066.521819,2048.92387,2096.551147
10/31/2024,1876,1618.144043,1774.38859,1602.372864,2083.647222,1782.457927,1881.430404,1870.334939,1902.774953
11/1/2024,1674.57,1472.708679,1573.511197,1633.481442,1537.216796,1360.99695,1286.977383,1501.237413,1287.831268
11/2/2024,1437.59,1425.239647,1289.543387,1339.442381,1230.619114,1241.933022,1084.244298,1266.317097,1071.983424
11/3/2024,1973.17,1952.56467,1671.180795,1642.207647,1691.107291,1566.904011,1552.517957,1572.452697,1505.250554
11/4/2024,2176.74,2377.430315,2390.178672,2593.16882,2214.97341,1998.181341,2125.02466,2012.798838,2091.487041
11/5/2024,2284.27,2128.822569,2187.488721,2167.904779,2271.924855,2142.444257,2202.845894,2148.31788,2175.874036
11/6/2024,2062.94,2167.445827,1930.578538,2028.290379,2205.803398,2043.730441,2068.058543,2009.68621,2096.75531
11/7/2024,1963.77,1936.159818,1881.699791,1999.618407,2028.480388,1787.873257,1890.206681,1905.600723,1902.979115
11/8/2024,1674.57,1570.666088,1654.029847,1703.815029,1465.455762,1380.351212,1308.169723,1528.601274,1288.03543
11/9/2024,1437.59,1374.721398,1357.313183,1523.340004,1144.036237,1258.726095,1101.256851,1295.146155,1072.187586
11/10/2024,1973.17,1771.083286,1617.793201,1682.744412,1591.870689,1581.487637,1571.074766,1628.58233,1505.454716
11/11/2024,2176.74,2245.587755,2243.95812,2387.017627,2105.595295,2013.650615,2146.597596,2032.850535,2091.691204
11/12/2024,2284.27,2120.321619,2093.264086,2320.837276,2155.200037,2151.129374,2213.654085,2079.689394,2176.078199
11/13/2024,2062.94,2253.335393,1939.862396,2010.977974,2084.73957,2049.087078,2073.212053,2036.984031,2096.959472
11/14/2024,1963.77,1915.268934,1807.69798,1966.553162,1906.22204,1796.128922,1889.419447,1918.578386,1903.183278
11/15/2024,1674.57,1617.417095,1488.359685,1695.51882,1345.203747,1387.230771,1310.736745,1514.505832,1288.239593
11/16/2024,1437.59,1391.038201,1446.09054,1567.265448,1028.96516,1267.549749,1102.003979,1316.614936,1072.391749
11/17/2024,1973.17,1905.82465,1707.49285,1734.868854,1485.046367,1589.565045,1581.327957,1645.009875,1505.658879
11/18/2024,2176.74,2113.268831,2132.464703,2278.978993,2009.894537,2024.377542,2155.676851,2021.267594,2091.895366
11/19/2024,2284.27,2211.256144,2040.99161,2213.01251,2073.234947,2165.297564,2220.907702,2092.415491,2176.282361
11/20/2024,2062.94,2006.161205,1791.528802,2160.912078,2018.788475,2070.156732,2077.596734,1949.940232,2097.163635
11/21/2024,1963.77,1896.169279,1503.548914,1914.960387,1858.168952,1819.471335,1894.546681,1791.580219,1903.38744
11/22/2024,1674.57,1590.197612,1413.364592,1671.074178,1316.488069,1415.005011,1321.076085,1495.234806,1288.443755
11/23/2024,1437.59,1395.761223,1362.680167,1561.97508,1020.543045,1293.328419,1119.018617,1296.164894,1072.595911
11/24/2024,1973.17,1854.997349,1713.275391,1729.578486,1497.364855,1602.774966,1588.987638,1656.699594,1505.863041
11/25/2024,2176.74,2132.028566,2342.031547,2273.688625,2042.879212,2030.024581,2156.853553,2123.405833,2092.099529
11/26/2024,2284.27,2104.66337,2205.408454,2207.722142,2126.291522,2161.846,2227.248106,2175.860694,2176.486524
11/27/2024,840.42,2125.724269,2195.521749,2155.62171,2090.818308,2069.25795,2082.074074,2142.783882,2097.367797
11/28/2024,468.76,369.6045093,1180.45582,882.8862618,1947.598123,1816.317011,1900.503809,1826.920035,1903.591603
11/29/2024,860.26,629.7747858,953.5466372,614.0678424,1421.309267,1407.010989,1329.522043,1406.934472,1288.647918
11/30/2024,947.96,1073.738195,1255.053609,989.3440346,1138.369172,1287.352296,1123.169255,1228.674811,1072.800074
