Date,Usage
2015-08-01,366.36
2015-08-02,823.54
2015-08-03,1688.3500000000001
2015-08-04,1799.81
2015-08-05,1753.37
2015-08-06,1936.03
2015-08-07,1107.33
2015-08-08,601.65
2015-08-09,1251.8200000000002
2015-08-10,1814.25
2015-08-11,1781.23
2015-08-12,1874.11
2015-08-13,1346.76
2015-08-14,685.25
2015-08-15,449.95
2015-08-16,1169.25
2015-08-17,1563.48
2015-08-18,1898.88
2015-08-19,1640.88
2015-08-20,1375.65
2015-08-21,721.36
2015-08-22,430.34000000000003
2015-08-23,990.72
2015-08-24,1722.4
2015-08-25,1590.31
2015-08-26,1968.05
2015-08-27,1599.6
2015-08-28,856.5600000000001
2015-08-29,459.24
2015-08-30,1187.83
2015-08-31,1796.5
2015-09-01,1473.05
2015-09-02,1598.0500000000002
2015-09-03,1555.6999999999998
2015-09-04,586.74
2015-09-05,228.29000000000002
2015-09-06,541.29
2015-09-07,856.36
2015-09-08,1426.5800000000002
2015-09-09,1756.1000000000001
2015-09-10,1222.04
2015-09-11,655.96
2015-09-12,369.82
2015-09-13,1293.31
2015-09-14,1514.38
2015-09-15,1499.9099999999999
2015-09-16,1595.99
2015-09-17,1407.98
2015-09-18,650.79
2015-09-19,513.4
2015-09-20,1174.52
2015-09-21,1601.15
2015-09-22,1357.3600000000001
2015-09-23,1358.3899999999999
2015-09-24,1473.0600000000002
2015-09-25,661.12
2015-09-26,448.33
2015-09-27,1328.43
2015-09-28,1751.96
2015-09-29,1486.4899999999998
2015-09-30,1507.15
2015-10-01,1504.0600000000002
2015-10-02,634.8100000000001
2015-10-03,512.8
2015-10-04,1509.57
2015-10-05,2070.01
2015-10-06,1960.4
2015-10-07,1726.51
2015-10-08,1645.87
2015-10-09,691.5999999999999
2015-10-10,499.32
2015-10-11,1399.8400000000001
2015-10-12,1756.5
2015-10-13,1757.54
2015-10-14,1644.8500000000001
2015-10-15,1398.72
2015-10-16,1024.54
2015-10-17,557.19
2015-10-18,1160.98
2015-10-19,1655.89
2015-10-20,1558.34
2015-10-21,1793.58
2015-10-22,1284.59
2015-10-23,492.74
2015-10-24,401.08
2015-10-25,1052.39
2015-10-26,1664.4900000000002
2015-10-27,1706.8899999999999
2015-10-28,1706.1000000000001
2015-10-29,1411.4099999999999
2015-10-30,759.9799999999999
2015-10-31,511.62
2015-11-01,1053.65
2015-11-02,1530.32
2015-11-03,1632.69
2015-11-04,1785.72
2015-11-05,1588.22
2015-11-06,695.8800000000001
2015-11-07,496.31
2015-11-08,1007.1099999999999
2015-11-09,1613.04
2015-11-10,1778.48
2015-11-11,1549.96
2015-11-12,1611.9999999999998
2015-11-13,890.28
2015-11-14,637.98
2015-11-15,1196.34
2015-11-16,1926.3500000000001
2015-11-17,1781.58
2015-11-18,1784.6799999999998
2015-11-19,1560.3100000000002
2015-11-20,970.9300000000001
2015-11-21,747.5799999999999
2015-11-22,1947.0200000000002
2015-11-23,1986.31
2015-11-24,1555.1299999999999
2015-11-25,802.39
2015-11-26,405.33
2015-11-27,605.93
2015-11-28,878.9000000000001
2015-11-29,1496.19
2015-11-30,2172.6499999999996
2015-12-01,2157.96
2015-12-02,2377.16
2015-12-03,2203.46
2015-12-04,1333.86
2015-12-05,753.7900000000001
2015-12-06,1359.71
2015-12-07,2144.5099999999998
2015-12-08,1894.28
2015-12-09,1897.3799999999999
2015-12-10,1596.5
2015-12-11,1102.24
2015-12-12,350.52
2015-12-13,858.2199999999999
2015-12-14,1452.7700000000002
2015-12-15,1949.0899999999997
2015-12-16,1898.43
2015-12-17,1902.5599999999997
2015-12-18,1067.09
2015-12-19,603.86
2015-12-20,1223.22
2015-12-21,1456.91
2015-12-22,1693.6899999999998
2015-12-23,1225.3
2015-12-24,412.55999999999995
2015-12-25,633.84
2015-12-26,781.7099999999999
2015-12-27,1504.48
2015-12-28,1910.8300000000002
2015-12-29,2228.26
2015-12-30,1596.4899999999998
2015-12-31,720.69
2016-01-01,523.2
2016-01-02,628.67
2016-01-03,1419.6899999999998
2016-01-04,2365.79
2016-01-05,2180.71
2016-01-06,2114.53
2016-01-07,1822.9399999999998
2016-01-08,1027.79
2016-01-09,763.0999999999999
2016-01-10,1573.75
2016-01-11,2105.2200000000003
2016-01-12,2330.64
2016-01-13,2138.32
2016-01-14,1913.9399999999998
2016-01-15,1397.97
2016-01-16,966.79
2016-01-17,1820.8799999999999
2016-01-18,2207.59
2016-01-19,2125.91
2016-01-20,1881.8799999999999
2016-01-21,1834.32
2016-01-22,1438.2900000000002
2016-01-23,910.96
2016-01-24,1602.69
2016-01-25,1968.57
2016-01-26,2322.54
2016-01-27,2079.31
2016-01-28,1866.11
2016-01-29,1113.59
2016-01-30,753.4200000000001
2016-01-31,1615.98
2016-02-01,1886.8
2016-02-02,2170.4
2016-02-03,2243.8799999999997
2016-02-04,1963.3899999999999
2016-02-05,1216.12
2016-02-06,715.1800000000001
2016-02-07,1321.69
2016-02-08,1911.6399999999999
2016-02-09,2370.15
2016-02-10,2427.08
2016-02-11,2034.8000000000002
2016-02-12,1294.78
2016-02-13,1028.79
2016-02-14,1652.8999999999999
2016-02-15,2128.99
2016-02-16,2413.62
2016-02-17,2223.18
2016-02-18,2022.3899999999999
2016-02-19,974.9599999999999
2016-02-20,376.75
2016-02-21,808.3299999999999
2016-02-22,1938.56
2016-02-23,2174.54
2016-02-24,2167.2799999999997
2016-02-25,1992.38
2016-02-26,1726.38
2016-02-27,754.5200000000001
2016-02-28,1413.81
2016-02-29,2075.17
2016-03-01,2223.18
2016-03-02,2245.94
2016-03-03,1954.09
2016-03-04,1734.67
2016-03-05,916.75
2016-03-06,928.13
2016-03-07,1998.91
2016-03-08,1957.75
2016-03-09,1767.8
2016-03-10,1624.04
2016-03-11,996.8000000000001
2016-03-12,477.86
2016-03-13,1443.6200000000001
2016-03-14,1788.8999999999999
2016-03-15,2177.7599999999998
2016-03-16,2147.31
2016-03-17,2011.48
2016-03-18,1197.1299999999999
2016-03-19,819.95
2016-03-20,1591.05
2016-03-21,1949.59
2016-03-22,2456.01
2016-03-23,1933.39
2016-03-24,882.8599999999999
2016-03-25,362.53000000000003
2016-03-26,637.56
2016-03-27,1414.25
2016-03-28,2049.31
2016-03-29,1936.28
2016-03-30,2001.55
2016-03-31,2151.0
2016-04-01,1235.95
2016-04-02,892.0
2016-04-03,1235.9499999999998
2016-04-04,2003.63
2016-04-05,2055.4199999999996
2016-04-06,1856.48
2016-04-07,1954.9299999999998
2016-04-08,1559.1799999999998
2016-04-09,829.8299999999999
2016-04-10,1534.31
2016-04-11,2086.5
2016-04-12,2187.0
2016-04-13,2204.61
2016-04-14,2207.72
2016-04-15,1650.35
2016-04-16,1025.64
2016-04-17,1319.8700000000001
2016-04-18,1878.27
2016-04-19,2216.0000000000005
2016-04-20,1883.4399999999998
2016-04-21,1944.5700000000002
2016-04-22,1492.8700000000001
2016-04-23,965.5500000000001
2016-04-24,1262.88
2016-04-25,1627.56
2016-04-26,2022.2700000000002
2016-04-27,1994.3
2016-04-28,2206.68
2016-04-29,1556.0800000000002
2016-04-30,1145.8200000000002
2016-05-01,1306.39
2016-05-02,2003.6200000000001
2016-05-03,2126.8999999999996
2016-05-04,2125.8799999999997
2016-05-05,2049.2
2016-05-06,1687.6499999999999
2016-05-07,972.8100000000001
2016-05-08,1290.86
2016-05-09,2189.07
2016-05-10,2270.91
2016-05-11,2152.81
2016-05-12,1748.7699999999998
2016-05-13,1200.72
2016-05-14,725.21
2016-05-15,1551.92
2016-05-16,1717.69
2016-05-17,1975.65
2016-05-18,2153.84
2016-05-19,1941.4600000000003
2016-05-20,1087.8
2016-05-21,581.2
2016-05-22,1281.53
2016-05-23,1967.3700000000001
2016-05-24,1720.8
2016-05-25,2022.27
2016-05-26,1816.11
2016-05-27,1082.62
2016-05-28,638.1700000000001
2016-05-29,341.88
2016-05-30,1133.3799999999999
2016-05-31,1565.0
2016-06-01,1894.84
2016-06-02,1568.4999999999998
2016-06-03,778.0400000000001
2016-06-04,564.62
2016-06-05,1181.0400000000002
2016-06-06,2103.0800000000004
2016-06-07,1761.2099999999998
2016-06-08,1951.83
2016-06-09,1792.28
2016-06-10,1136.5
2016-06-11,706.56
2016-06-12,1193.4699999999998
2016-06-13,1979.8
2016-06-14,1882.4199999999998
2016-06-15,1987.05
2016-06-16,1886.56
2016-06-17,807.04
2016-06-18,670.29
2016-06-19,1290.8600000000001
2016-06-20,1612.02
2016-06-21,1698.0
2016-06-22,1809.89
2016-06-23,1638.95
2016-06-24,677.55
2016-06-25,694.64
2016-06-26,1190.88
2016-06-27,1422.4299999999998
2016-06-28,1948.72
2016-06-29,1869.95
2016-06-30,1766.3799999999999
2016-07-01,766.64
2016-07-02,219.63
2016-07-03,246.57999999999998
2016-07-04,1074.46
2016-07-05,1647.87
2016-07-06,2001.84
2016-07-07,2155.0499999999997
2016-07-08,974.0
2016-07-09,596.1899999999999
2016-07-10,1110.69
2016-07-11,1410.87
2016-07-12,1601.32
2016-07-13,1526.79
2016-07-14,1413.97
2016-07-15,778.3800000000001
2016-07-16,450.25000000000006
2016-07-17,976.13
2016-07-18,1584.75
2016-07-19,1925.24
2016-07-20,1567.1399999999999
2016-07-21,965.65
2016-07-22,636.53
2016-07-23,302.22
2016-07-24,666.55
2016-07-25,1777.09
2016-07-26,1758.46
2016-07-27,1955.1100000000001
2016-07-28,1713.96
2016-07-29,1016.38
2016-07-30,587.37
2016-07-31,1125.0
2016-08-01,1773.98
2016-08-02,1885.77
2016-08-03,1838.16
2016-08-04,1735.53
2016-08-05,796.94
2016-08-06,631.35
2016-08-07,1383.8
2016-08-08,1676.71
2016-08-09,1666.3500000000001
2016-08-10,1841.27
2016-08-11,1756.3899999999999
2016-08-12,1371.37
2016-08-13,512.3199999999999
2016-08-14,1124.01
2016-08-15,1529.72
2016-08-16,1945.8
2016-08-17,1794.7
2016-08-18,1938.56
2016-08-19,777.29
2016-08-20,461.60999999999996
2016-08-21,769.01
2016-08-22,1911.64
2016-08-23,1973.74
2016-08-24,1615.6299999999999
2016-08-25,1644.6000000000001
2016-08-26,808.33
2016-08-27,335.34000000000003
2016-08-28,910.79
2016-08-29,1691.18
2016-08-30,1533.87
2016-08-31,2095.87
2016-09-01,1727.4199999999998
2016-09-02,628.24
2016-09-03,287.72999999999996
2016-09-04,291.87
2016-09-05,852.84
2016-09-06,1856.79
2016-09-07,1776.07
2016-09-08,1480.04
2016-09-09,806.26
2016-09-10,713.12
2016-09-11,1146.777
2016-09-12,1669.46
2016-09-13,1334.11
2016-09-14,1778.1299999999999
2016-09-15,1358.95
2016-09-16,995.66
2016-09-17,458.49999999999994
2016-09-18,1099.16
2016-09-19,1871.28
2016-09-20,1616.6599999999999
2016-09-21,1523.52
2016-09-22,1769.84
2016-09-23,829.0400000000001
2016-09-24,657.2099999999999
2016-09-25,1222.34
2016-09-26,1558.71
2016-09-27,1888.8799999999999
2016-09-28,1609.4299999999998
2016-09-29,1434.5
2016-09-30,1112.6299999999999
2016-10-01,803.15
2016-10-02,1272.01
2016-10-03,2130.04
2016-10-04,2083.4500000000003
2016-10-05,1750.1899999999998
2016-10-06,1188.1799999999998
2016-10-07,624.11
2016-10-08,293.94000000000005
2016-10-09,940.82
2016-10-10,2233.53
2016-10-11,2015.1399999999999
2016-10-12,1887.8300000000002
2016-10-13,1881.6200000000001
2016-10-14,1230.6200000000001
2016-10-15,424.36
2016-10-16,1447.96
2016-10-17,1777.0900000000001
2016-10-18,1574.2300000000002
2016-10-19,1601.1399999999999
2016-10-20,1502.82
2016-10-21,949.09
2016-10-22,604.4399999999999
2016-10-23,1296.8600000000001
2016-10-24,2064.82
2016-10-25,2120.7200000000003
2016-10-26,2013.08
2016-10-27,2017.22
2016-10-28,1092.96
2016-10-29,463.68
2016-10-30,1160.23
2016-10-31,2048.1280000000006
2016-11-01,2072.0
2016-11-02,1852.3700000000001
2016-11-03,1942.5
2016-11-04,1393.42
2016-11-05,562.54
2016-11-06,1075.36
2016-11-07,2020.19
2016-11-08,2039.89
2016-11-09,1705.2600000000002
2016-11-10,1372.6999999999998
2016-11-11,990.4200000000001
2016-11-12,713.81
2016-11-13,1177.93
2016-11-14,1897.95
2016-11-15,1872.05
2016-11-16,1735.3
2016-11-17,1456.61
2016-11-18,919.96
2016-11-19,707.75
2016-11-20,2048.17
2016-11-21,1987.04
2016-11-22,1977.72
2016-11-23,851.59
2016-11-24,281.8
2016-11-25,445.47999999999996
2016-11-26,423.71999999999997
2016-11-27,997.6699999999998
2016-11-28,2116.54
2016-11-29,1986.01
2016-11-30,2292.2000000000003
2016-12-01,2060.52
2016-12-02,1366.76
2016-12-03,977.9
2016-12-04,1269.29
2016-12-05,2161.11
2016-12-06,2162.14
2016-12-07,2362.28
2016-12-08,2338.4399999999996
2016-12-09,1437.28
2016-12-10,1348.1
2016-12-11,1807.5
2016-12-12,2288.66
2016-12-13,2228.51
2016-12-14,2565.54
2016-12-15,2472.2
2016-12-16,1376.03
2016-12-17,1153.1399999999999
2016-12-18,2225.41
2016-12-19,2315.62
2016-12-20,2256.6000000000004
2016-12-21,1922.5999999999997
2016-12-22,1288.99
2016-12-23,535.09
2016-12-24,575.54
2016-12-25,686.49
2016-12-26,1570.03
2016-12-27,2525.1
2016-12-28,2287.63
2016-12-29,2630.87
2016-12-30,1971.3300000000002
2016-12-31,1013.0
2017-01-01,823.6099999999999
2017-01-02,1418.29
2017-01-03,2183.89
2017-01-04,2528.8799999999997
2017-01-05,2391.0800000000004
2017-01-06,2115.5099999999998
2017-01-07,1378.9199999999998
2017-01-08,2095.83
2017-01-09,2047.1299999999999
2017-01-10,2104.11
2017-01-11,2346.54
2017-01-12,2587.93
2017-01-13,1881.3700000000001
2017-01-14,1201.76
2017-01-15,1946.64
2017-01-16,2137.27
2017-01-17,2363.1099999999997
2017-01-18,2250.19
2017-01-19,2342.39
2017-01-20,1522.92
2017-01-21,884.75
2017-01-22,1416.22
2017-01-23,2286.45
2017-01-24,2152.81
2017-01-25,2513.33
2017-01-26,2511.27
2017-01-27,1671.07
2017-01-28,1197.61
2017-01-29,2205.6400000000003
2017-01-30,2662.5200000000004
2017-01-31,2307.17
2017-02-01,2310.27
2017-02-02,2534.06
2017-02-03,2001.55
2017-02-04,1204.87
2017-02-05,1466.9699999999998
2017-02-06,2543.38
2017-02-07,1890.7
2017-02-08,2180.78
2017-02-09,2332.03
2017-02-10,1677.28
2017-02-11,1128.21
2017-02-12,1780.8899999999999
2017-02-13,2295.7799999999997
2017-02-14,2389.02
2017-02-15,2739.1800000000003
2017-02-16,2278.1699999999996
2017-02-17,1266.0
2017-02-18,1025.6399999999999
2017-02-19,1601.65
2017-02-20,2272.9900000000002
2017-02-21,2021.24
2017-02-22,2229.4799999999996
2017-02-23,2202.53
2017-02-24,1724.94
2017-02-25,1067.08
2017-02-26,1739.45
2017-02-27,2199.43
2017-02-28,1989.13
2017-03-01,2332.64
2017-03-02,2639.67
2017-03-03,1285.3799999999999
2017-03-04,973.8
2017-03-05,1307.36
2017-03-06,1495.4399999999998
2017-03-07,2156.42
2017-03-08,2352.32
2017-03-09,2105.74
2017-03-10,1922.5
2017-03-11,1606.93
2017-03-12,2095.92
2017-03-13,2279.28
2017-03-14,2472.8
2017-03-15,2299.57
2017-03-16,2227.0400000000004
2017-03-17,1791.04
2017-03-18,935.6299999999999
2017-03-19,1451.31
2017-03-20,1991.6
2017-03-21,2414.8500000000004
2017-03-22,2286.2900000000004
2017-03-23,2222.62
2017-03-24,1698.92
2017-03-25,834.31
2017-03-26,1077.9
2017-03-27,2210.9199999999996
2017-03-28,2243.1
2017-03-29,2156.56
2017-03-30,2488.34
2017-03-31,1674.7900000000002
2017-04-01,899.07
2017-04-02,1431.06
2017-04-03,2386.14
2017-04-04,2251.33
2017-04-05,2201.56
2017-04-06,2218.15
2017-04-07,1813.7099999999998
2017-04-08,1068.1
2017-04-09,1430.03
2017-04-10,2007.64
2017-04-11,2238.88
2017-04-12,2013.86
2017-04-13,1238.18
2017-04-14,384.73
2017-04-15,645.01
2017-04-16,1248.5500000000002
2017-04-17,2323.9199999999996
2017-04-18,1953.71
2017-04-19,1946.45
2017-04-20,2152.7999999999997
2017-04-21,1368.8400000000001
2017-04-22,940.56
2017-04-23,1383.36
2017-04-24,2173.55
2017-04-25,2224.3700000000003
2017-04-26,1983.78
2017-04-27,2041.85
2017-04-28,1887.3300000000002
2017-04-29,956.11
2017-04-30,1632.0
2017-05-01,2161.1
2017-05-02,1978.77
2017-05-03,2317.54
2017-05-04,2149.7
2017-05-05,1495.9799999999998
2017-05-06,879.56
2017-05-07,1523.9500000000003
2017-05-08,1995.33
2017-05-09,1916.61
2017-05-10,1888.63
2017-05-11,1984.9800000000002
2017-05-12,1191.3999999999999
2017-05-13,643.36
2017-05-14,1304.32
2017-05-15,1706.29
2017-05-16,2036.78
2017-05-17,1991.2
2017-05-18,1785.0299999999997
2017-05-19,1396.53
2017-05-20,923.0799999999999
2017-05-21,1334.3700000000001
2017-05-22,1806.25
2017-05-23,1970.3
2017-05-24,2370.79
2017-05-25,1926.02
2017-05-26,1659.5
2017-05-27,946.06
2017-05-28,964.7299999999999
2017-05-29,1361.89
2017-05-30,1885.58
2017-05-31,1628.0
2017-06-01,1531.8600000000001
2017-06-02,1123.28
2017-06-03,794.55
2017-06-04,1088.02
2017-06-05,1421.9299999999998
2017-06-06,1550.52
2017-06-07,1588.8899999999999
2017-06-08,1821.18
2017-06-09,1095.28
2017-06-10,827.32
2017-06-11,1176.16
2017-06-12,1662.51
2017-06-13,1777.62
2017-06-14,1752.74
2017-06-15,1533.93
2017-06-16,1261.2
2017-06-17,997.8
2017-06-18,1089.06
2017-06-19,1548.24
2017-06-20,2097.85
2017-06-21,1911.19
2017-06-22,1717.28
2017-06-23,1366.77
2017-06-24,578.65
2017-06-25,1419.6499999999999
2017-06-26,1788.82
2017-06-27,1916.3799999999999
2017-06-28,2272.0699999999997
2017-06-29,2048.08
2017-06-30,1760.83
2017-07-01,956.11
2017-07-02,302.81
2017-07-03,506.06
2017-07-04,1235.07
2017-07-05,1991.04
2017-07-06,2123.77
2017-07-07,1522.3200000000002
2017-07-08,678.1899999999999
2017-07-09,1210.1799999999998
2017-07-10,1874.89
2017-07-11,1937.1100000000001
2017-07-12,1740.09
2017-07-13,1645.7099999999998
2017-07-14,972.71
2017-07-15,444.88
2017-07-16,1116.85
2017-07-17,1691.34
2017-07-18,1927.78
2017-07-19,2006.6
2017-07-20,1643.64
2017-07-21,1571.0500000000002
2017-07-22,556.87
2017-07-23,1247.51
2017-07-24,1824.08
2017-07-25,2202.59
2017-07-26,2289.6899999999996
2017-07-27,2081.26
2017-07-28,1471.51
2017-07-29,713.45
2017-07-30,1118.929
2017-07-31,1942.2
2017-08-01,1988.97
2017-08-02,1912.23
2017-08-03,1829.27
2017-08-04,1536.84
2017-08-05,870.05
2017-08-06,1025.6
2017-08-07,2147.63
2017-08-08,2211.92
2017-08-09,1906.01
2017-08-10,1651.94
2017-08-11,1123.07
2017-08-12,338.06
2017-08-13,1026.6299999999999
2017-08-14,1779.49
2017-08-15,1736.97
2017-08-16,1826.16
2017-08-17,1927.7800000000002
2017-08-18,1211.2199999999998
2017-08-19,1211.2199999999998
2017-08-20,1490.17
2017-08-21,2007.6299999999999
2017-08-22,2049.11
2017-08-23,1967.19
2017-08-24,2117.55
2017-08-25,1399.9499999999998
2017-08-26,630.4899999999999
2017-08-27,1070.19
2017-08-28,1897.71
2017-08-29,1897.7099999999998
2017-08-30,2202.58
2017-08-31,1721.42
2017-09-01,1016.26
2017-09-02,164.89000000000001
2017-09-03,304.87
2017-09-04,1123.08
2017-09-05,2208.81
2017-09-06,2138.29
2017-09-07,1786.75
2017-09-08,1293.14
2017-09-09,684.42
2017-09-10,1285.88
2017-09-11,2141.41
2017-09-12,1764.98
2017-09-13,1773.27
2017-09-14,1907.05
2017-09-15,1192.55
2017-09-16,533.02
2017-09-17,1016.26
2017-09-18,1814.76
2017-09-19,2460.8
2017-09-20,1761.8600000000001
2017-09-21,1776.3799999999999
2017-09-22,1033.89
2017-09-23,381.62
2017-09-24,1515.06
2017-09-25,1955.78
2017-09-26,1967.19
2017-09-27,1885.27
2017-09-28,1540.99
2017-09-29,1382.31
2017-09-30,759.08
2017-10-01,911.5200000000001
2017-10-02,1773.26
2017-10-03,1823.05
2017-10-04,1857.27
2017-10-05,1785.71
2017-10-06,1575.19
2017-10-07,494.65000000000003
2017-10-08,1023.5200000000001
2017-10-09,2540.65
2017-10-10,2224.37
2017-10-11,2119.63
2017-10-12,1883.1899999999998
2017-10-13,1437.29
2017-10-14,594.2
2017-10-15,1620.82
2017-10-16,2009.7
2017-10-17,2116.52
2017-10-18,1871.78
2017-10-19,1998.3000000000002
2017-10-20,1680.98
2017-10-21,841.0000000000001
2017-10-22,1331.51
2017-10-23,2289.69
2017-10-24,2564.5
2017-10-25,2306.3
2017-10-26,1091.96
2017-10-27,1100.27
2017-10-28,959.23
2017-10-29,1344.99
2017-10-30,2657.8300000000004
2017-10-31,2256.0
2017-11-01,2237.76
2017-11-02,1854.4500000000003
2017-11-03,1025.6299999999999
2017-11-04,1016.31
2017-11-05,1387.1999999999998
2017-11-06,1800.56
2017-11-07,1970.47
2017-11-08,2132.0899999999997
2017-11-09,1988.0899999999997
2017-11-10,1115.77
2017-11-11,599.85
2017-11-12,1345.76
2017-11-13,2269.87
2017-11-14,2164.2000000000003
2017-11-15,1250.4500000000003
2017-11-16,1248.3700000000001
2017-11-17,1026.67
2017-11-18,682.72
2017-11-19,1962.19
2017-11-20,2069.93
2017-11-21,1844.09
2017-11-22,1193.47
2017-11-23,479.67
2017-11-24,357.40999999999997
2017-11-25,619.56
2017-11-26,1660.6999999999998
2017-11-27,2412.85
2017-11-28,2141.4199999999996
2017-11-29,2127.9399999999996
2017-11-30,2072.0
2017-12-01,1907.909806451613
2017-12-02,1750.4398064516129
2017-12-03,1838.4998064516128
2017-12-04,1913.0898064516127
2017-12-05,2000.109806451613
2017-12-06,2017.7298064516128
2017-12-07,2056.0498064516128
2017-12-08,1897.5398064516128
2017-12-09,1757.6898064516129
2017-12-10,1881.9998064516128
2017-12-11,1925.5198064516128
2017-12-12,1958.6698064516129
2017-12-13,1969.0298064516128
2017-12-14,1975.2398064516128
2017-12-15,1868.5398064516128
2017-12-16,1798.0898064516127
2017-12-17,1908.9398064516126
2017-12-18,1897.5498064516128
2017-12-19,1882.0098064516128
2017-12-20,1984.569806451613
2017-12-21,1933.809806451613
2017-12-22,1914.2008064516128
2017-12-23,1807.4198064516129
2017-12-24,1810.5298064516128
2017-12-25,1842.639806451613
2017-12-26,1967.9898064516128
2017-12-27,2059.159806451613
2017-12-28,2137.889806451613
2017-12-29,2131.679806451613
2017-12-30,1905.839806451613
2017-12-31,1891.7498064516128
2018-01-01,3980.94
2018-01-02,4005.84
2018-01-03,4068.98
2018-01-04,3105.82
2018-01-05,2425.54
2018-01-06,1761.8600000000001
2018-01-07,2261.7
2018-01-08,2773.98
2018-01-09,2616.34
2018-01-10,2135.18
2018-01-11,2416.2
2018-01-12,2359.1800000000003
2018-01-13,1435.21
2018-01-14,2378.8869999999997
2018-01-15,3046.7000000000003
2018-01-16,2602.8700000000003
2018-01-17,2836.19
2018-01-18,2533.39
2018-01-19,1640.53
2018-01-20,870.0500000000001
2018-01-21,1766.0099999999998
2018-01-22,2274.1400000000003
2018-01-23,2653.69
2018-01-24,2736.64
2018-01-25,2658.87
2018-01-26,2351.91
2018-01-27,1185.29
2018-01-28,2098.8900000000003
2018-01-29,2849.67
2018-01-30,2790.5699999999997
2018-01-31,2437.99
2018-02-01,2807.16
2018-02-02,2056.3700000000003
2018-02-03,1800.2300000000002
2018-02-04,2493.9900000000002
2018-02-05,2750.1299999999997
2018-02-06,2983.45
2018-02-07,2806.12
2018-02-08,2526.13
2018-02-09,2035.6399999999999
2018-02-10,1818.9
2018-02-11,2472.21
2018-02-12,2758.42
2018-02-13,2585.23
2018-02-14,2463.92
2018-02-15,2290.7299999999996
2018-02-16,1573.1299999999999
2018-02-17,1757.71
2018-02-18,2254.44
2018-02-19,2390.29
2018-02-20,2265.8399999999997
2018-02-21,2570.7200000000003
2018-02-22,2222.29
2018-02-23,1928.8200000000002
2018-02-24,1397.88
2018-02-25,2232.66
2018-02-26,2351.92
2018-02-27,2248.22
2018-02-28,2114.0
2018-03-01,2265.73
2018-03-02,1843.0400000000002
2018-03-03,1256.6599999999999
2018-03-04,1832.69
2018-03-05,2356.8999999999996
2018-03-06,2162.14
2018-03-07,2513.33
2018-03-08,2370.3599999999997
2018-03-09,1657.6000000000001
2018-03-10,1424.5
2018-03-11,2541.2999999999997
2018-03-12,2634.54
2018-03-13,2414.91
2018-03-14,2347.58
2018-03-15,2551.6700000000005
2018-03-16,2176.64
2018-03-17,1359.2300000000002
2018-03-18,1902.1000000000001
2018-03-19,2233.62
2018-03-20,2118.62
2018-03-21,2704.9999999999995
2018-03-22,2490.5499999999997
2018-03-23,1619.2700000000002
2018-03-24,1264.9499999999998
2018-03-25,1781.9199999999998
2018-03-26,2080.28
2018-03-27,2204.6099999999997
2018-03-28,2213.93
2018-03-29,1181.03
2018-03-30,410.24999999999994
2018-03-31,602.9499999999999
2018-04-01,1481.48
2018-04-02,2268.8399999999997
2018-04-03,2248.12
2018-04-04,2381.7700000000004
2018-04-05,2386.94
2018-04-06,1750.8400000000001
2018-04-07,1414.14
2018-04-08,1965.3000000000002
2018-04-09,2163.18
2018-04-10,2526.7999999999997
2018-04-11,2218.0800000000004
2018-04-12,2114.4700000000003
2018-04-13,1254.6
2018-04-14,957.26
2018-04-15,1889.66
2018-04-16,2079.25
2018-04-17,2345.5099999999998
2018-04-18,1948.72
2018-04-19,1666.9199999999998
2018-04-20,1199.69
2018-04-21,911.69
2018-04-22,1942.5
2018-04-23,2061.63
2018-04-24,2110.33
2018-04-25,2182.8500000000004
2018-04-26,2214.9700000000003
2018-04-27,1369.5800000000002
2018-04-28,1091.94
2018-04-29,1458.6899999999998
2018-04-30,1550.8899999999999
2018-05-01,1856.51
2018-05-02,2112.4
2018-05-03,2094.79
2018-05-04,1431.7499999999998
2018-05-05,1043.25
2018-05-06,1903.1399999999999
2018-05-07,1929.03
2018-05-08,1710.44
2018-05-09,1790.2099999999998
2018-05-10,1953.8999999999999
2018-05-11,1371.6699999999998
2018-05-12,997.66
2018-05-13,1791.25
2018-05-14,1770.52
2018-05-15,1536.39
2018-05-16,1719.76
2018-05-17,1840.97
2018-05-18,1799.5300000000002
2018-05-19,1124.06
2018-05-20,2033.6799999999998
2018-05-21,2040.91
2018-05-22,1779.84
2018-05-23,1617.2
2018-05-24,1145.82
2018-05-25,718.99
2018-05-26,216.51999999999998
2018-05-27,34.19
2018-05-28,573.94
2018-05-29,1645.13
2018-05-30,1953.8999999999999
2018-05-31,1826.47
2018-06-01,1137.53
2018-06-02,951.05
2018-06-03,1944.57
2018-06-04,2078.2200000000003
2018-06-05,2003.6299999999999
2018-06-06,2112.41
2018-06-07,2122.77
2018-06-08,1097.12
2018-06-09,954.16
2018-06-10,1486.6699999999998
2018-06-11,1735.31
2018-06-12,1742.55
2018-06-13,1904.17
2018-06-14,1807.82
2018-06-15,1249.42
2018-06-16,853.66
2018-06-17,1624.45
2018-06-18,1873.09
2018-06-19,2020.1999999999998
2018-06-20,2023.3100000000002
2018-06-21,2101.01
2018-06-22,1346.8000000000002
2018-06-23,640.25
2018-06-24,1094.02
2018-06-25,1473.19
2018-06-26,1686.6100000000001
2018-06-27,2010.88
2018-06-28,1712.51
2018-06-29,1032.8899999999999
2018-06-30,947.94
2018-07-01,1116.81
2018-07-02,1558.1499999999999
2018-07-03,666.15
2018-07-04,680.6500000000001
2018-07-05,1270.14
2018-07-06,1414.1399999999999
2018-07-07,1031.8500000000001
2018-07-08,1293.97
2018-07-09,1526.03
2018-07-10,1886.5800000000002
2018-07-11,1585.08
2018-07-12,1374.7800000000002
2018-07-13,1115.77
2018-07-14,792.54
2018-07-15,1449.3600000000001
2018-07-16,1993.27
2018-07-17,1802.64
2018-07-18,1664.8600000000001
2018-07-19,1953.9
2018-07-20,680.6500000000001
2018-07-21,501.41999999999996
2018-07-22,1531.21
2018-07-23,1777.7800000000002
2018-07-24,1802.6399999999999
2018-07-25,1803.6799999999998
2018-07-26,1690.75
2018-07-27,973.84
2018-07-28,620.5699999999999
2018-07-29,1238.02
2018-07-30,1821.29
2018-07-31,1992.22
2018-08-01,2066.8199999999997
2018-08-02,2077.18
2018-08-03,1239.06
2018-08-04,929.25
2018-08-05,1588.19
2018-08-06,1917.6399999999999
2018-08-07,2448.07
2018-08-08,2320.64
2018-08-09,1961.14
2018-08-10,1595.44
2018-08-11,912.7199999999999
2018-08-12,1580.94
2018-08-13,1759.1299999999999
2018-08-14,1907.28
2018-08-15,1946.65
2018-08-16,1687.65
2018-08-17,1172.75
2018-08-18,873.35
2018-08-19,1544.67
2018-08-20,2065.7799999999997
2018-08-21,2066.82
2018-08-22,1727.01
2018-08-23,1698.01
2018-08-24,1076.4
2018-08-25,760.42
2018-08-26,1598.55
2018-08-27,1840.97
2018-08-28,1886.56
2018-08-29,1805.75
2018-08-30,1563.32
2018-08-31,1016.31
2018-09-01,418.55
2018-09-02,284.9
2018-09-03,1388.2399999999998
2018-09-04,1906.2920000000001
2018-09-05,1964.2599999999998
2018-09-06,1984.97
2018-09-07,1347.8400000000001
2018-09-08,940.69
2018-09-09,1718.72
2018-09-10,1771.56
2018-09-11,1906.24
2018-09-12,2035.74
2018-09-13,1655.53
2018-09-14,1373.7399999999998
2018-09-15,724.17
2018-09-16,1601.65
2018-09-17,1990.16
2018-09-18,1921.78
2018-09-19,1905.252
2018-09-20,2078.22
2018-09-21,1239.05
2018-09-22,791.5
2018-09-23,1906.24
2018-09-24,2064.75
2018-09-25,2026.4199999999998
2018-09-26,2147.62
2018-09-27,1747.73
2018-09-28,1707.3300000000002
2018-09-29,884.74
2018-09-30,1410.0
2018-10-01,1507.38
2018-10-02,2189.07
2018-10-03,1918.67
2018-10-04,1861.6999999999998
2018-10-05,1372.7
2018-10-06,684.7900000000001
2018-10-07,1333.33
2018-10-08,1795.4
2018-10-09,1828.54
2018-10-10,2172.5
2018-10-11,2097.9
2018-10-12,1383.06
2018-10-13,796.68
2018-10-14,1228.69
2018-10-15,2212.8999999999996
2018-10-16,2248.12
2018-10-17,2410.77
2018-10-18,2104.1200000000003
2018-10-19,1457.66
2018-10-20,1134.4199999999998
2018-10-21,1491.8400000000001
2018-10-22,1862.73
2018-10-23,2103.08
2018-10-24,2220.15
2018-10-25,1944.58
2018-10-26,1836.82
2018-10-27,1128.2
2018-10-28,1765.3500000000001
2018-10-29,2294.75
2018-10-30,2149.7000000000003
2018-10-31,2307.17
2018-11-01,2095.83
2018-11-02,1824.39
2018-11-03,897.17
2018-11-04,1658.64
2018-11-05,2227.3999999999996
2018-11-06,2107.22
2018-11-07,2649.0599999999995
2018-11-08,2539.23
2018-11-09,1736.3399999999997
2018-11-10,1155.14
2018-11-11,2022.9900000000002
2018-11-12,2364.15
2018-11-13,2346.54
2018-11-14,2463.62
2018-11-15,2109.2999999999997
2018-11-16,2238.79
2018-11-17,1450.4
2018-11-18,1947.68
2018-11-19,2510.23
2018-11-20,2639.73
2018-11-21,1364.4099999999999
2018-11-22,552.1899999999999
2018-11-23,516.97
2018-11-24,761.4499999999999
2018-11-25,1848.22
2018-11-26,2672.8899999999994
2018-11-27,2851.0699999999997
2018-11-28,2634.54
2018-11-29,2391.08
2018-11-30,2281.0
2018-12-01,1147.95
2018-12-02,1804.38
2018-12-03,2640.2000000000003
2018-12-04,2589.3799999999997
2018-12-05,2740.7900000000004
2018-12-06,2725.24
2018-12-07,1741.1200000000001
2018-12-08,1116.8500000000001
2018-12-09,2237.8399999999997
2018-12-10,2341.5499999999997
2018-12-11,2717.98
2018-12-12,2573.83
2018-12-13,2510.58
2018-12-14,2108.23
2018-12-15,1387.5
2018-12-16,1734.9
2018-12-17,2132.0699999999997
2018-12-18,2726.27
2018-12-19,2754.27
2018-12-20,2499.17
2018-12-21,1794.0100000000002
2018-12-22,667.83
2018-12-23,597.3100000000001
2018-12-24,710.287
2018-12-25,1403.06
2018-12-26,2505.39
2018-12-27,2188.07
2018-12-28,1334.6100000000001
2018-12-29,688.57
2018-12-30,591.08
2018-12-31,582.79
2019-01-01,1568.334
2019-01-02,2704.4999999999995
2019-01-03,2447.32
2019-01-04,1687.2
2019-01-05,1598.0099999999998
2019-01-06,2124.82
2019-01-07,2483.62
2019-01-08,2769.82
2019-01-09,2566.58
2019-01-10,2608.0599999999995
2019-01-11,1909.1200000000001
2019-01-12,1760.8300000000002
2019-01-13,1844.82
2019-01-14,2521.98
2019-01-15,2545.84
2019-01-16,2639.16
2019-01-17,2582.1299999999997
2019-01-18,2051.18
2019-01-19,1214.33
2019-01-20,2234.73
2019-01-21,2938.8599999999997
2019-01-22,2463.92
2019-01-23,2217.1099999999997
2019-01-24,2363.33
2019-01-25,2866.27
2019-01-26,2464.95
2019-01-27,2809.23
2019-01-28,3106.85
2019-01-29,3262.422
2019-01-30,3288.32
2019-01-31,3024.92
2019-02-01,2278.4100000000003
2019-02-02,1347.32
2019-02-03,1690.9099999999999
2019-02-04,2445.5299999999997
2019-02-05,2460.06
2019-02-06,2220.2799999999997
2019-02-07,2525.4500000000003
2019-02-08,2293.98
2019-02-09,1700.2400000000002
2019-02-10,2276.33
2019-02-11,2455.9100000000003
2019-02-12,2480.81
2019-02-13,2310.59
2019-02-14,2740.32
2019-02-15,2392.59
2019-02-16,1453.2
2019-02-17,2276.3399999999997
2019-02-18,2660.4
2019-02-19,2442.4100000000003
2019-02-20,2242.08
2019-02-21,2140.36
2019-02-22,2123.75
2019-02-23,1997.1100000000001
2019-02-24,2457.98
2019-02-25,2887.7100000000005
2019-02-26,2858.65
2019-02-27,2651.05
2019-02-28,2412.31
2019-03-01,2311.6200000000003
2019-03-02,1711.66
2019-03-03,2315.78
2019-03-04,2611.61
2019-03-05,2592.9300000000003
2019-03-06,2878.37
2019-03-07,2726.8300000000004
2019-03-08,2118.5499999999997
2019-03-09,1405.45
2019-03-10,2057.3199999999997
2019-03-11,2461.1
2019-03-12,2275.2999999999997
2019-03-13,2665.58
2019-03-14,2418.5499999999997
2019-03-15,2249.35
2019-03-16,1610.98
2019-03-17,1766.68
2019-03-18,2319.9300000000003
2019-03-19,2462.14
2019-03-20,2564.91
2019-03-21,2450.72
2019-03-22,1507.17
2019-03-23,1217.58
2019-03-24,1835.1899999999998
2019-03-25,2535.84
2019-03-26,2411.27
2019-03-27,2462.13
2019-03-28,2307.4800000000005
2019-03-29,1648.34
2019-03-30,1595.41
2019-03-31,1940.02
2019-04-01,2351.07
2019-04-02,2250.39
2019-04-03,2418.54
2019-04-04,2299.17
2019-04-05,1699.21
2019-04-06,1576.7199999999998
2019-04-07,1958.7099999999998
2019-04-08,1913.03
2019-04-09,2096.7599999999998
2019-04-10,2128.9399999999996
2019-04-11,2249.34
2019-04-12,1950.4
2019-04-13,1323.45
2019-04-14,1924.4599999999998
2019-04-15,2096.7599999999998
2019-04-16,2204.7200000000003
2019-04-17,2192.26
2019-04-18,1168.78
2019-04-19,462.94
2019-04-20,656.0200000000001
2019-04-21,1221.7299999999998
2019-04-22,2264.92
2019-04-23,2300.21
2019-04-24,2167.34
2019-04-25,1872.5500000000002
2019-04-26,1893.3100000000002
2019-04-27,1531.05
2019-04-28,1822.73
2019-04-29,2201.6
2019-04-30,2174.6099999999997
2019-05-01,2248.31
2019-05-02,2177.73
2019-05-03,1360.8200000000002
2019-05-04,1400.26
2019-05-05,1819.61
2019-05-06,2178.76
2019-05-07,2406.09
2019-05-08,2283.59
2019-05-09,1957.6700000000003
2019-05-10,1286.0800000000002
2019-05-11,1569.46
2019-05-12,2068.7299999999996
2019-05-13,2067.7
2019-05-14,2102.9900000000002
2019-05-15,2300.2000000000003
2019-05-16,2346.92
2019-05-17,1730.35
2019-05-18,1088.86
2019-05-19,1719.97
2019-05-20,2091.57
2019-05-21,2303.33
2019-05-22,2234.82
2019-05-23,1801.96
2019-05-24,1012.05
2019-05-25,487.86
2019-05-26,524.18
2019-05-27,948.7299999999999
2019-05-28,1670.14
2019-05-29,1670.14
2019-05-30,2049.0099999999998
2019-05-31,1281.0449999999983
2019-06-01,1012.74
2019-06-02,1600.07
2019-06-03,1918.0
2019-06-04,2059.31
2019-06-05,1924.2299999999998
2019-06-06,1839.0299999999997
2019-06-07,1525.25
2019-06-08,1203.16
2019-06-09,1506.5499999999997
2019-06-10,2249.43
2019-06-11,1809.94
2019-06-12,1938.787
2019-06-13,2132.03
2019-06-14,1802.6699999999998
2019-06-15,1485.77
2019-06-16,1853.58
2019-06-17,2310.74
2019-06-18,2124.759
2019-06-19,2107.09
2019-06-20,1981.3799999999999
2019-06-21,1802.6599999999999
2019-06-22,1269.6599999999999
2019-06-23,1449.4099999999999
2019-06-24,2201.64
2019-06-25,2232.8199999999997
2019-06-26,2040.6
2019-06-27,2062.42
2019-06-28,1458.76
2019-06-29,1059.78
2019-06-30,1522.13
2019-07-01,1782.56
2019-07-02,1792.96
2019-07-03,948.4799999999999
2019-07-04,448.24
2019-07-05,282.88
2019-07-06,335.92
2019-07-07,1054.8799999999999
2019-07-08,2087.2799999999997
2019-07-09,1874.08
2019-07-10,1792.96
2019-07-11,1983.28
2019-07-12,1383.2
2019-07-13,1175.209
2019-07-14,1391.52
2019-07-15,1924.0
2019-07-16,1778.4
2019-07-17,1712.88
2019-07-18,1745.12
2019-07-19,849.68
2019-07-20,618.8000000000001
2019-07-21,1217.84
2019-07-22,1890.72
2019-07-23,1941.6799999999998
2019-07-24,2110.16
2019-07-25,1628.6399999999999
2019-07-26,1491.36
2019-07-27,1064.96
2019-07-28,1444.56
2019-07-29,1873.04
2019-07-30,1934.72
2019-07-31,2318.1
2019-08-01,2019.1999999999998
2019-08-02,1495.91
2019-08-03,1022.27
2019-08-04,1160.71
2019-08-05,1833.2
2019-08-06,1850.89
2019-08-07,1569.83
2019-08-08,1655.19
2019-08-09,991.03
2019-08-10,992.0699999999999
2019-08-11,1051.41
2019-08-12,1816.55
2019-08-13,1888.37
2019-08-14,1994.55
2019-08-15,1333.5300000000002
2019-08-16,1084.72
2019-08-17,1054.54
2019-08-18,1873.8000000000002
2019-08-19,2184.02
2019-08-20,2063.26
2019-08-21,1623.96
2019-08-22,1819.6699999999998
2019-08-23,1342.8899999999999
2019-08-24,979.58
2019-08-25,1330.3999999999999
2019-08-26,1887.3400000000001
2019-08-27,1784.27
2019-08-28,1945.6299999999999
2019-08-29,1571.91
2019-08-30,797.4100000000001
2019-08-31,280.03000000000003
2019-09-01,323.65000000000003
2019-09-02,965.6999999999999
2019-09-03,1909.48
2019-09-04,2137.07
2019-09-05,1771.66
2019-09-06,1142.14
2019-09-07,1075.32
2019-09-08,1294.5600000000002
2019-09-09,1920.96
2019-09-10,1583.74
2019-09-11,2155.86
2019-09-12,1817.6
2019-09-13,1053.3999999999999
2019-09-14,1050.27
2019-09-15,1080.54
2019-09-16,2053.55
2019-09-17,2116.19
2019-09-18,1828.05
2019-09-19,1621.33
2019-09-20,1509.6299999999999
2019-09-21,1129.61
2019-09-22,1651.61
2019-09-23,1916.78
2019-09-24,1801.95
2019-09-25,1710.0700000000002
2019-09-26,1751.31
2019-09-27,1665.7
2019-09-28,1311.2700000000002
2019-09-29,1410.44
2019-09-30,1980.47
2019-10-01,1919.9199999999998
2019-10-02,1974.21
2019-10-03,2025.36
2019-10-04,1491.8799999999999
2019-10-05,1108.73
2019-10-06,1574.35
2019-10-07,2044.16
2019-10-08,1957.5000000000002
2019-10-09,1972.1200000000001
2019-10-10,2012.83
2019-10-11,1645.34
2019-10-12,1567.04
2019-10-13,1612.98
2019-10-14,2098.44
2019-10-15,2290.5400000000004
2019-10-16,2163.17
2019-10-17,2013.88
2019-10-18,1674.58
2019-10-19,1181.8
2019-10-20,1365.56
2019-10-21,1905.29
2019-10-22,1958.55
2019-10-23,1988.83
2019-10-24,1991.9600000000003
2019-10-25,1573.3
2019-10-26,1066.97
2019-10-27,1832.2199999999998
2019-10-28,2305.15
2019-10-29,2273.84
2019-10-30,2259.21
2019-10-31,2063.79
2019-11-01,1563.3200000000002
2019-11-02,1659.46
2019-11-03,1751.42
2019-11-04,2607.2799999999997
2019-11-05,2427.5399999999995
2019-11-06,2366.92
2019-11-07,2339.76
2019-11-08,1847.55
2019-11-09,1598.84
2019-11-10,2001.18
2019-11-11,2375.29
2019-11-12,2663.71
2019-11-13,2712.82
2019-11-14,2331.39
2019-11-15,1916.53
2019-11-16,1476.5700000000002
2019-11-17,2000.13
2019-11-18,2358.5699999999997
2019-11-19,2024.1699999999998
2019-11-20,1909.22
2019-11-21,2139.12
2019-11-22,1572.73
2019-11-23,1221.6
2019-11-24,1513.16
2019-11-25,2259.29
2019-11-26,1895.63
2019-11-27,875.6999999999999
2019-11-28,479.65
2019-11-29,439.95000000000005
2019-11-30,576.0
2019-12-01,2041.594
2019-12-02,2485.29
2019-12-03,2339.8999999999996
2019-12-04,2652.66
2019-12-05,2276.09
2019-12-06,1777.1599999999999
2019-12-07,1410.01
2019-12-08,1666.2800000000002
2019-12-09,2418.35
2019-12-10,2523.9900000000002
2019-12-11,2929.85
2019-12-12,2305.38
2019-12-13,1433.0299999999997
2019-12-14,1177.8000000000002
2019-12-15,1947.65
2019-12-16,2211.24
2019-12-17,2221.7000000000003
2019-12-18,2815.8300000000004
2019-12-19,2236.35
2019-12-20,2312.71
2019-12-21,1789.7099999999998
2019-12-22,2308.52
2019-12-23,1316.9099999999999
2019-12-24,688.27
2019-12-25,1285.54
2019-12-26,2517.7200000000003
2019-12-27,2191.3700000000003
2019-12-28,1645.36
2019-12-29,1886.98
2019-12-30,1399.56
2019-12-31,912.11
2020-01-01,1664.23
2020-01-02,2262.5699999999997
2020-01-03,1795.6
2020-01-04,1538.05
2020-01-05,1588.29
2020-01-06,2356.7999999999997
2020-01-07,2434.28
2020-01-08,2438.46
2020-01-09,2276.18
2020-01-10,1876.23
2020-01-11,1632.27
2020-01-12,1952.6599999999999
2020-01-13,2401.8300000000004
2020-01-14,2641.58
2020-01-15,2415.44
2020-01-16,2711.73
2020-01-17,2092.95
2020-01-18,1807.1200000000001
2020-01-19,2009.19
2020-01-20,2611.22
2020-01-21,2459.4
2020-01-22,2350.51
2020-01-23,2323.3
2020-01-24,1775.7199999999998
2020-01-25,1421.83
2020-01-26,1987.21
2020-01-27,2290.83
2020-01-28,2430.09
2020-01-29,1970.45
2020-01-30,2258.38
2020-01-31,1541.19
2020-02-01,1288.34
2020-02-02,1676.79
2020-02-03,2344.37
2020-02-04,2319.23
2020-02-05,2345.4300000000003
2020-02-06,2413.55
2020-02-07,1927.2700000000002
2020-02-08,1436.81
2020-02-09,1386.5000000000002
2020-02-10,2000.63
2020-02-11,2398.8700000000003
2020-02-12,2312.93
2020-02-13,2667.1600000000003
2020-02-14,1683.09
2020-02-15,1613.91
2020-02-16,1795.22
2020-02-17,2236.44
2020-02-18,2130.58
2020-02-19,2158.8700000000003
2020-02-20,2403.06
2020-02-21,1675.75
2020-02-22,1289.03
2020-02-23,1584.57
2020-02-24,1682.04
2020-02-25,2130.58
2020-02-26,2615.81
2020-02-27,2394.68
2020-02-28,2084.47
2020-02-29,1533.23
2020-03-01,1924.8600000000001
2020-03-02,1955.34
2020-03-03,1866.1799999999998
2020-03-04,2080.17
2020-03-05,2171.44
2020-03-06,1578.74
2020-03-07,1371.05
2020-03-08,1787.5000000000002
2020-03-09,2083.32
2020-03-10,2044.49
2020-03-11,1976.3100000000002
2020-03-12,2138.92
2020-03-13,1597.62
2020-03-14,1476.9900000000002
2020-03-15,1571.41
2020-03-16,2081.22
2020-03-17,2062.34
2020-03-18,1957.43
2020-03-19,1812.67
2020-03-20,1398.31
2020-03-21,1394.12
2020-03-22,1607.0700000000002
2020-03-23,2317.24
2020-03-24,2154.64
2020-03-25,2330.88
2020-03-26,2242.7599999999998
2020-03-27,1409.8600000000001
2020-03-28,999.69
2020-03-29,1514.76
2020-03-30,2189.26
2020-03-31,2116.89
2020-04-01,2016.0
2020-04-02,1801.8000000000002
2020-04-03,1843.8
2020-04-04,1207.5
2020-04-05,1912.0500000000002
2020-04-06,2037.0
2020-04-07,2205.0
2020-04-08,2003.3999999999999
2020-04-09,1194.8999999999999
2020-04-10,364.35
2020-04-11,579.6
2020-04-12,1331.3999999999999
2020-04-13,2030.7
2020-04-14,2487.4500000000003
2020-04-15,2290.05
2020-04-16,1205.4
2020-04-17,1817.55
2020-04-18,1231.65
2020-04-19,1501.4999999999998
2020-04-20,1924.6499999999999
2020-04-21,2457.0
2020-04-22,1999.2
2020-04-23,2290.0499999999997
2020-04-24,1644.3
2020-04-25,1374.45
2020-04-26,1950.9
2020-04-27,1975.05
2020-04-28,1875.3
2020-04-29,2034.8999999999999
2020-04-30,1871.1
2020-05-01,1419.95
2020-05-02,1270.5
2020-05-03,1582.3500000000001
2020-05-04,1951.95
2020-05-05,2157.75
2020-05-06,1896.3
2020-05-07,1953.0
2020-05-08,1505.7
2020-05-09,1369.2
2020-05-10,1584.45
2020-05-11,2184.0
2020-05-12,2119.9500000000003
2020-05-13,1964.55
2020-05-14,1511.9999999999998
2020-05-15,1071.0
2020-05-16,1278.9
2020-05-17,1584.4500000000003
2020-05-18,2171.4
2020-05-19,1893.1499999999999
2020-05-20,1949.85
2020-05-21,1605.45
2020-05-22,653.1
2020-05-23,126.00000000000001
2020-05-24,534.4499999999999
2020-05-25,1194.9
2020-05-26,1830.1499999999999
2020-05-27,2106.3
2020-05-28,1970.85
2020-05-29,1452.15
2020-05-30,1046.8500000000001
2020-05-31,879.9000000000001
2020-06-01,2237.5800000000004
2020-06-02,1728.9
2020-06-03,1687.8999999999999
2020-06-04,1799.31
2020-06-05,1118.27
2020-06-06,1021.5699999999999
2020-06-07,1542.8600000000001
2020-06-08,2132.4700000000003
2020-06-09,1420.9499999999998
2020-06-10,1412.54
2020-06-11,2047.35
2020-06-12,1117.21
2020-06-13,891.2499999999999
2020-06-14,1502.92
2020-06-15,1476.65
2020-06-16,1735.2
2020-06-17,1888.65
2020-06-18,1860.27
2020-06-19,976.38
2020-06-20,875.48
2020-06-21,880.74
2020-06-22,1765.68
2020-06-23,2148.24
2020-06-24,2210.26
2020-06-25,1621.69
2020-06-26,914.37
2020-06-27,1191.83
2020-06-28,1377.86
2020-06-29,1730.99
2020-06-30,2202.9
2020-07-01,2068.89
2020-07-02,1044.7
2020-07-03,550.73
2020-07-04,668.4399999999999
2020-07-05,1091.99
2020-07-06,2073.62
2020-07-07,2116.71
2020-07-08,1977.98
2020-07-09,1775.1399999999999
2020-07-10,1325.31
2020-07-11,899.6500000000001
2020-07-12,1387.32
2020-07-13,2102.0
2020-07-14,2052.6
2020-07-15,1885.5
2020-07-16,1779.35
2020-07-17,1160.3
2020-07-18,1024.73
2020-07-19,1347.39
2020-07-20,1623.79
2020-07-21,1802.47
2020-07-22,1855.02
2020-07-23,1929.64
2020-07-24,1390.47
2020-07-25,1140.33
2020-07-26,1622.75
2020-07-27,1606.98
2020-07-28,1873.94
2020-07-29,1899.1599999999999
2020-07-30,1731.0
2020-07-31,1199.19
2020-08-01,977.5500000000001
2020-08-02,1271.55
2020-08-03,1608.6
2020-08-04,1541.4
2020-08-05,1735.6499999999999
2020-08-06,1806.0
2020-08-07,951.3000000000001
2020-08-08,827.4
2020-08-09,1325.1
2020-08-10,1500.4499999999998
2020-08-11,1888.95
2020-08-12,1545.6
2020-08-13,1626.4499999999998
2020-08-14,1151.8
2020-08-15,994.3
2020-08-16,1693.6000000000001
2020-08-17,1879.5
2020-08-18,1885.6
2020-08-19,1422.6000000000001
2020-08-20,1698.8
2020-08-21,1163.3
2020-08-22,1015.3
2020-08-23,1485.7
2020-08-24,1830.1
2020-08-25,1867.9
2020-08-26,2190.2
2020-08-27,2021.1999999999998
2020-08-28,1012.1
2020-08-29,961.7
2020-08-30,1107.7
2020-08-31,2127.2
2020-09-01,1723.63
2020-09-02,1858.99
2020-09-03,1519.09
2020-09-04,589.5400000000001
2020-09-05,55.589999999999996
2020-09-06,267.53999999999996
2020-09-07,857.12
2020-09-08,2036.2399999999998
2020-09-09,1746.7399999999998
2020-09-10,1573.6699999999998
2020-09-11,977.83
2020-09-12,930.46
2020-09-13,1505.44
2020-09-14,2162.2000000000003
2020-09-15,2013.25
2020-09-16,2049.8900000000003
2020-09-17,1886.3500000000001
2020-09-18,1290.34
2020-09-19,1085.7099999999998
2020-09-20,1611.37
2020-09-21,2145.4
2020-09-22,1995.4
2020-09-23,2155.86
2020-09-24,2057.2700000000004
2020-09-25,1183.3500000000001
2020-09-26,1215.83
2020-09-27,1758.2
2020-09-28,1975.27
2020-09-29,1958.49
2020-09-30,2303.61
2020-10-01,1914.1
2020-10-02,1047.6999999999998
2020-10-03,851.5
2020-10-04,1482.0
2020-10-05,1819.8
2020-10-06,2194.2
2020-10-07,2382.1
2020-10-08,1959.3
2020-10-09,1249.1
2020-10-10,1013.1800000000001
2020-10-11,1574.37
2020-10-12,2638.1
2020-10-13,2064.2
2020-10-14,2248.9
2020-10-15,2095.7000000000003
2020-10-16,1491.5
2020-10-17,1157.8999999999999
2020-10-18,1700.3000000000002
2020-10-19,2504.8
2020-10-20,2304.4
2020-10-21,2193.3
2020-10-22,2004.3999999999999
2020-10-23,1393.9
2020-10-24,1314.2
2020-10-25,1776.8
2020-10-26,2589.7999999999997
2020-10-27,2624.4
2020-10-28,2046.3999999999999
2020-10-29,2406.36
2020-10-30,1856.43
2020-10-31,1738.5
2020-11-01,2084.52
2020-11-02,2455.44
2020-11-03,2185.09
2020-11-04,2110.67
2020-11-05,2267.88
2020-11-06,1435.81
2020-11-07,1142.3200000000002
2020-11-08,1389.7
2020-11-09,2141.1099999999997
2020-11-10,2290.93
2020-11-11,2517.26
2020-11-12,2203.96
2020-11-13,1409.59
2020-11-14,1573.07
2020-11-15,1851.8
2020-11-16,2643.04
2020-11-17,2639.95
2020-11-18,1975.5
2020-11-19,2129.54
2020-11-20,1757.5
2020-11-21,1610.7499999999998
2020-11-22,1687.29
2020-11-23,2499.45
2020-11-24,2238.55
2020-11-25,1156.96
2020-11-26,425.5
2020-11-27,917.0300000000001
2020-11-28,916.9699999999999
2020-11-29,1676.83
2020-11-30,2771.36
2020-12-01,2841.1800000000003
2020-12-02,2289.7999999999997
2020-12-03,2083.2
2020-12-04,1634.8
2020-12-05,1729.67
2020-12-06,2231.09
2020-12-07,2596.1400000000003
2020-12-08,2468.22
2020-12-09,2397.93
2020-12-10,2308.71
2020-12-11,1554.48
2020-12-12,1874.48
2020-12-13,2200.7999999999997
2020-12-14,2578.45
2020-12-15,2726.36
2020-12-16,2806.08
2020-12-17,2115.83
2020-12-18,1489.5699999999997
2020-12-19,1607.0700000000002
2020-12-20,2245.9100000000003
2020-12-21,2585.7899999999995
2020-12-22,2577.39
2020-12-23,1957.4299999999998
2020-12-24,1351.1100000000001
2020-12-25,1166.49
2020-12-26,1491.68
2020-12-27,2147.2999999999997
2020-12-28,2650.83
2020-12-29,2220.7400000000002
2020-12-30,1505.31
2020-12-31,973.45
2021-01-01,832.8299999999999
2021-01-02,1014.3
2021-01-03,1774.88
2021-01-04,2743.05
2021-01-05,2688.5
2021-01-06,2753.59
2021-01-07,2321.35
2021-01-08,1892.31
2021-01-09,1634.3100000000002
2021-01-10,1921.69
2021-01-11,2387.49
2021-01-12,2256.37
2021-01-13,2188.18
2021-01-14,2220.7
2021-01-15,1514.72
2021-01-16,1385.69
2021-01-17,1983.6299999999999
2021-01-18,2476.61
2021-01-19,2381.1499999999996
2021-01-20,2197.55
2021-01-21,2539.6
2021-01-22,1711.9499999999998
2021-01-23,1445.45
2021-01-24,1791.6200000000001
2021-01-25,2148.33
2021-01-26,2358.93
2021-01-27,2374.87
2021-01-28,2240.66
2021-01-29,1435.04
2021-01-30,1360.56
2021-01-31,1666.87
2021-02-01,2583.32
2021-02-02,2316.0699999999997
2021-02-03,2357.9900000000002
2021-02-04,2341.23
2021-02-05,1991.19
2021-02-06,2086.57
2021-02-07,2249.0099999999998
2021-02-08,2765.67
2021-02-09,2815.98
2021-02-10,2609.52
2021-02-11,2548.74
2021-02-12,2443.93
2021-02-13,1967.09
2021-02-14,2219.66
2021-02-15,2431.3599999999997
2021-02-16,2664.0099999999998
2021-02-17,2273.11
2021-02-18,2360.09
2021-02-19,2210.24
2021-02-20,1906.9099999999999
2021-02-21,1982.81
2021-02-22,2592.7599999999998
2021-02-23,2448.12
2021-02-24,2261.5799999999995
2021-02-25,2138.9700000000003
2021-02-26,1911.54
2021-02-27,1365.54
2021-02-28,1551.03
2021-03-01,2113.7000000000003
2021-03-02,2190.32
2021-03-03,2295.12
2021-03-04,2278.34
2021-03-05,1839.2400000000002
2021-03-06,1846.57
2021-03-07,1887.4499999999998
2021-03-08,2067.7
2021-03-09,2132.6800000000003
2021-03-10,1838.2
2021-03-11,1836.1
2021-03-12,1757.4899999999998
2021-03-13,1154.89
2021-03-14,1682.04
2021-03-15,2071.89
2021-03-16,2099.06
2021-03-17,2177.7400000000002
2021-03-18,1930.42
2021-03-19,1753.3
2021-03-20,1328.8600000000001
2021-03-21,1520.65
2021-03-22,2131.63
2021-03-23,1878.0100000000002
2021-03-24,1848.67
2021-03-25,2157.83
2021-03-26,1592.96
2021-03-27,1314.19
2021-03-28,1625.44
2021-03-29,1735.49
2021-03-30,2210.23
2021-03-31,2019.49
2021-04-01,961.0
2021-04-02,474.6
2021-04-03,765.9
2021-04-04,1179.8
2021-04-05,2212.1
2021-04-06,2067.5
2021-04-07,2069.6
2021-04-08,1610.7
2021-04-09,1356.9
2021-04-10,1233.5
2021-04-11,1757.5
2021-04-12,2076.0
2021-04-13,2299.2000000000003
2021-04-14,2043.3000000000002
2021-04-15,1901.0000000000002
2021-04-16,1079.3000000000002
2021-04-17,1351.6999999999998
2021-04-18,1398.9
2021-04-19,1990.9
2021-04-20,2066.5
2021-04-21,1819.1
2021-04-22,1836.9999999999998
2021-04-23,1308.7
2021-04-24,1173.6000000000001
2021-04-25,1582.3000000000002
2021-04-26,1609.6
2021-04-27,2069.6000000000004
2021-04-28,1869.3999999999999
2021-04-29,1737.3
2021-04-30,1614.6999999999998
2021-05-01,1253.4099999999999
2021-05-02,1114.03
2021-05-03,1886.3999999999999
2021-05-04,2001.6799999999998
2021-05-05,1859.15
2021-05-06,1788.94
2021-05-07,1543.71
2021-05-08,1304.76
2021-05-09,1737.58
2021-05-10,2000.63
2021-05-11,1723.95
2021-05-12,1780.55
2021-05-13,1735.4899999999998
2021-05-14,1162.23
2021-05-15,915.95
2021-05-16,989.3100000000001
2021-05-17,1547.9
2021-05-18,1696.71
2021-05-19,1766.93
2021-05-20,1758.54
2021-05-21,1390.69
2021-05-22,848.88
2021-05-23,1347.7199999999998
2021-05-24,1735.49
2021-05-25,1700.8999999999999
2021-05-26,1969.2
2021-05-27,1752.2600000000002
2021-05-28,996.6400000000001
2021-05-29,549.1600000000001
2021-05-30,541.8199999999999
2021-05-31,1396.98
2021-06-01,2134.6
2021-06-02,1939.84
2021-06-03,2005.84
2021-06-04,1294.26
2021-06-05,1189.42
2021-06-06,1335.07
2021-06-07,1542.5900000000001
2021-06-08,1593.97
2021-06-09,1868.56
2021-06-10,1618.0900000000001
2021-06-11,1168.49
2021-06-12,916.93
2021-06-13,1203.06
2021-06-14,1749.0700000000002
2021-06-15,1833.96
2021-06-16,2069.7
2021-06-17,1592.91
2021-06-18,1353.99
2021-06-19,1291.1000000000001
2021-06-20,1404.26
2021-06-21,1906.24
2021-06-22,2011.04
2021-06-23,1828.72
2021-06-24,1853.84
2021-06-25,1271.2
2021-06-26,903.42
2021-06-27,1144.4099999999999
2021-06-28,1862.25
2021-06-29,2124.2799999999997
2021-06-30,1823.45
2021-07-01,1613.04
2021-07-02,611.9
2021-07-03,148.76
2021-07-04,474.67
2021-07-05,1095.15
2021-07-06,1807.4299999999998
2021-07-07,2195.55
2021-07-08,1805.33
2021-07-09,1302.8600000000001
2021-07-10,1019.63
2021-07-11,1371.04
2021-07-12,1813.72
2021-07-13,1876.67
2021-07-14,1666.87
2021-07-15,1599.73
2021-07-16,1349.02
2021-07-17,822.4200000000001
2021-07-18,1227.33
2021-07-19,1696.23
2021-07-20,1729.8000000000002
2021-07-21,1811.62
2021-07-22,1782.25
2021-07-23,1209.5
2021-07-24,903.19
2021-07-25,1028.02
2021-07-26,2034.01
2021-07-27,1839.9499999999998
2021-07-28,1780.1599999999999
2021-07-29,1752.88
2021-07-30,1399.36
2021-07-31,1018.03
2021-08-01,1543.08
2021-08-02,1875.6200000000001
2021-08-03,1676.3100000000002
2021-08-04,1639.59
2021-08-05,1720.3600000000001
2021-08-06,1338.52
2021-08-07,1203.2
2021-08-08,1342.72
2021-08-09,1829.45
2021-08-10,1945.89
2021-08-11,1730.85
2021-08-12,1841.0
2021-08-13,1311.25
2021-08-14,1298.66
2021-08-15,1780.15
2021-08-16,1836.8000000000002
2021-08-17,1632.24
2021-08-18,1759.17
2021-08-19,1638.54
2021-08-20,1299.72
2021-08-21,933.61
2021-08-22,1402.52
2021-08-23,1693.0900000000001
2021-08-24,1725.6000000000001
2021-08-25,1728.75
2021-08-26,1439.22
2021-08-27,1122.43
2021-08-28,961.9300000000001
2021-08-29,1187.47
2021-08-30,1794.84
2021-08-31,1759.17
2021-09-01,1889.25
2021-09-02,1608.1100000000001
2021-09-03,696.5300000000001
2021-09-04,374.5
2021-09-05,555.97
2021-09-06,1018.58
2021-09-07,1435.03
2021-09-08,1770.72
2021-09-09,1685.74
2021-09-10,1425.5900000000001
2021-09-11,958.79
2021-09-12,1253.5500000000002
2021-09-13,1452.8700000000001
2021-09-14,1942.75
2021-09-15,1896.6
2021-09-16,2034.01
2021-09-17,942.0
2021-09-18,893.75
2021-09-19,1430.83
2021-09-20,1962.6799999999998
2021-09-21,2075.97
2021-09-22,1930.1599999999999
2021-09-23,1786.45
2021-09-24,1130.82
2021-09-25,1111.94
2021-09-26,1589.23
2021-09-27,1894.49
2021-09-28,2043.4499999999998
2021-09-29,2084.36
2021-09-30,1821.0700000000002
2021-10-01,1526.3
2021-10-02,1163.34
2021-10-03,1639.59
2021-10-04,1864.08
2021-10-05,1866.1699999999998
2021-10-06,1830.5100000000002
2021-10-07,1761.27
2021-10-08,1213.6999999999998
2021-10-09,887.4499999999999
2021-10-10,1302.86
2021-10-11,1877.71
2021-10-12,1779.1
2021-10-13,1944.88
2021-10-14,1793.79
2021-10-15,1367.8999999999999
2021-10-16,1133.97
2021-10-17,1343.77
2021-10-18,1850.4299999999998
2021-10-19,1906.03
2021-10-20,1779.1100000000001
2021-10-21,1789.5900000000001
2021-10-22,1341.67
2021-10-23,1197.96
2021-10-24,1500.07
2021-10-25,2258.5
2021-10-26,2406.4
2021-10-27,2060.24
2021-10-28,2016.1699999999998
2021-10-29,1221.03
2021-10-30,1045.8500000000001
2021-10-31,1383.63
2021-11-01,1929.1100000000001
2021-11-02,2212.34
2021-11-03,2113.73
2021-11-04,1966.88
2021-11-05,1736.09
2021-11-06,1415.1
2021-11-07,1853.5800000000002
2021-11-08,2121.08
2021-11-09,2266.89
2021-11-10,2153.6000000000004
2021-11-11,2146.2599999999998
2021-11-12,1467.5500000000002
2021-11-13,1195.8600000000001
2021-11-14,1598.6799999999998
2021-11-15,2244.8669999999997
2021-11-16,1864.07
2021-11-17,2098.0
2021-11-18,2173.5299999999997
2021-11-19,1730.85
2021-11-20,1210.55
2021-11-21,1462.3
2021-11-22,2038.21
2021-11-23,1800.08
2021-11-24,685.0
2021-11-25,381.84000000000003
2021-11-26,376.59000000000003
2021-11-27,851.7900000000001
2021-11-28,1401.46
2021-11-29,2484.0299999999997
2021-11-30,2279.48
2021-12-01,2431.58
2021-12-02,2152.55
2021-12-03,1527.3500000000001
2021-12-04,1339.5700000000002
2021-12-05,1892.3899999999999
2021-12-06,2245.91
2021-12-07,2289.97
2021-12-08,2491.37
2021-12-09,2122.1200000000003
2021-12-10,1855.68
2021-12-11,1341.67
2021-12-12,1937.5
2021-12-13,2150.46
2021-12-14,2187.1699999999996
2021-12-15,1986.81
2021-12-16,2100.3
2021-12-17,1705.67
2021-12-18,1331.18
2021-12-19,1649.0300000000002
2021-12-20,2168.2799999999997
2021-12-21,2074.92
2021-12-22,2322.49
2021-12-23,911.58
2021-12-24,463.66
2021-12-25,872.77
2021-12-26,1850.4399999999998
2021-12-27,2602.57
2021-12-28,2278.43
2021-12-29,2062.34
2021-12-30,1035.37
2021-12-31,661.92
2022-01-01,1048.9899999999998
2022-01-02,1950.08
2022-01-03,2538.59
2022-01-04,2637.18
2022-01-05,3003.28
2022-01-06,2436.83
2022-01-07,2069.67
2022-01-08,1618.6
2022-01-09,2165.1299999999997
2022-01-10,2494.52
2022-01-11,2452.57
2022-01-12,2390.67
2022-01-13,2292.06
2022-01-14,1891.3400000000001
2022-01-15,1470.7
2022-01-16,2144.15
2022-01-17,2513.4
2022-01-18,2412.7
2022-01-19,2435.79
2022-01-20,2465.15
2022-01-21,2018.27
2022-01-22,1300.76
2022-01-23,1952.19
2022-01-24,2517.6
2022-01-25,2555.37
2022-01-26,2256.3999999999996
2022-01-27,1829.45
2022-01-28,1913.3700000000001
2022-01-29,1387.8300000000002
2022-01-30,1760.21
2022-01-31,2230.18
2022-02-01,2335.08
2022-02-02,2063.38
2022-02-03,2174.5799999999995
2022-02-04,1747.6299999999999
2022-02-05,1631.19
2022-02-06,1766.51
2022-02-07,2010.93
2022-02-08,1927.0100000000002
2022-02-09,2160.95
2022-02-10,2001.4999999999998
2022-02-11,1676.31
2022-02-12,1863.02
2022-02-13,2328.77
2022-02-14,2909.93
2022-02-15,1911.2800000000002
2022-02-16,1966.8799999999999
2022-02-17,1970.02
2022-02-18,1976.32
2022-02-19,1544.12
2022-02-20,1464.3999999999999
2022-02-21,1840.99
2022-02-22,2104.2899999999995
2022-02-23,2446.27
2022-02-24,2239.6099999999997
2022-02-25,1753.93
2022-02-26,1777.01
2022-02-27,1970.02
2022-02-28,2070.7200000000003
2022-03-01,2053.95
2022-03-02,2173.53
2022-03-03,2005.68
2022-03-04,1230.47
2022-03-05,1295.5199999999998
2022-03-06,1444.4699999999998
2022-03-07,2316.19
2022-03-08,2257.45
2022-03-09,2259.55
2022-03-10,1950.09
2022-03-11,2049.7400000000002
2022-03-12,1239.9199999999998
2022-03-13,1245.16
2022-03-14,2039.26
2022-03-15,2503.97
2022-03-16,2327.74
2022-03-17,2128.42
2022-03-18,1580.84
2022-03-19,1479.1000000000001
2022-03-20,1339.58
2022-03-21,1995.2000000000003
2022-03-22,2193.46
2022-03-23,2046.6
2022-03-24,2005.69
2022-03-25,1433.98
2022-03-26,1446.57
2022-03-27,1518.95
2022-03-28,1671.06
2022-03-29,1910.23
2022-03-30,1961.63
2022-03-31,2126.32
2022-04-01,1661.62
2022-04-02,1209.5
2022-04-03,1689.94
2022-04-04,2291.0199999999995
2022-04-05,2371.79
2022-04-06,2066.54
2022-04-07,2000.45
2022-04-08,1674.2099999999998
2022-04-09,1328.0299999999997
2022-04-10,1546.22
2022-04-11,2379.12
2022-04-12,2176.6800000000003
2022-04-13,1979.4599999999998
2022-04-14,712.27
2022-04-15,286.38
2022-04-16,740.6
2022-04-17,1270.34
2022-04-18,2774.6100000000006
2022-04-19,2494.52
2022-04-20,2085.4100000000003
2022-04-21,2010.93
2022-04-22,1479.08
2022-04-23,1021.73
2022-04-24,1716.17
2022-04-25,2343.47
2022-04-26,2216.54
2022-04-27,2338.21
2022-04-28,1824.2
2022-04-29,1401.47
2022-04-30,1233.6200000000001
2022-05-01,1698.3400000000001
2022-05-02,2017.2199999999998
2022-05-03,2139.96
2022-05-04,2272.1299999999997
2022-05-05,2006.73
2022-05-06,1346.91
2022-05-07,1175.9300000000003
2022-05-08,1367.9
2022-05-09,1945.8999999999999
2022-05-10,1881.91
2022-05-11,1953.23
2022-05-12,1889.25
2022-05-13,1451.82
2022-05-14,1012.28
2022-05-15,1329.09
2022-05-16,1678.4
2022-05-17,2083.31
2022-05-18,2063.38
2022-05-19,2036.11
2022-05-20,1298.67
2022-05-21,942.01
2022-05-22,1743.4299999999998
2022-05-23,1987.8600000000001
2022-05-24,2066.53
2022-05-25,1986.81
2022-05-26,1811.63
2022-05-27,857.03
2022-05-28,138.46
2022-05-29,608.42
2022-05-30,1140.26
2022-05-31,1739.25
2022-06-01,2186.13
2022-06-02,2200.8
2022-06-03,1221.97
2022-06-04,1002.9649999999999
2022-06-05,1220.92
2022-06-06,1931.47
2022-06-07,1927.27
2022-06-08,1844.48
2022-06-09,1658.9900000000002
2022-06-10,1071.06
2022-06-11,928.52
2022-06-12,1322.58
2022-06-13,1940.8899999999999
2022-06-14,1783.7
2022-06-15,1945.0900000000001
2022-06-16,1824.5700000000002
2022-06-17,1413.75
2022-06-18,991.4
2022-06-19,1363.45
2022-06-20,1697.76
2022-06-21,1972.33
2022-06-22,1978.63
2022-06-23,1886.4
2022-06-24,1056.3899999999999
2022-06-25,919.1
2022-06-26,1647.46
2022-06-27,2033.12
2022-06-28,2322.37
2022-06-29,1872.78
2022-06-30,1745.97
2022-07-01,621.46
2022-07-02,113.17999999999999
2022-07-03,468.45
2022-07-04,839.4499999999999
2022-07-05,2192.4100000000003
2022-07-06,1794.1799999999998
2022-07-07,1594.01
2022-07-08,1090.97
2022-07-09,1056.39
2022-07-10,1124.51
2022-07-11,2013.21
2022-07-12,2062.4700000000003
2022-07-13,1898.97
2022-07-14,1443.1000000000001
2022-07-15,736.74
2022-07-16,511.42
2022-07-17,954.73
2022-07-18,1849.72
2022-07-19,1613.92
2022-07-20,1562.57
2022-07-21,1581.44
2022-07-22,878.2199999999999
2022-07-23,1195.77
2022-07-24,1147.56
2022-07-25,1543.6999999999998
2022-07-26,1933.56
2022-07-27,1784.74
2022-07-28,1601.34
2022-07-29,939.01
2022-07-30,835.25
2022-07-31,981.97
2022-08-01,1824.56
2022-08-02,1858.1
2022-08-03,2252.15
2022-08-04,1902.12
2022-08-05,1166.42
2022-08-06,1049.05
2022-08-07,1432.62
2022-08-08,1749.11
2022-08-09,2109.63
2022-08-10,1791.03
2022-08-11,1508.0700000000002
2022-08-12,1111.93
2022-08-13,905.4699999999999
2022-08-14,1073.15
2022-08-15,1757.49
2022-08-16,1936.6999999999998
2022-08-17,1931.46
2022-08-18,1535.32
2022-08-19,1031.23
2022-08-20,812.2
2022-08-21,1313.14
2022-08-22,1808.85
2022-08-23,1861.25
2022-08-24,1683.0900000000001
2022-08-25,1834.0
2022-08-26,1204.15
2022-08-27,889.75
2022-08-28,1107.73
2022-08-29,1934.61
2022-08-30,1903.17
2022-08-31,1940.8999999999999
2022-09-01,1533.23
2022-09-02,735.6899999999999
2022-09-03,165.59
2022-09-04,445.4
2022-09-05,1109.8400000000001
2022-09-06,2016.3500000000001
2022-09-07,1561.52
2022-09-08,1401.18
2022-09-09,1139.18
2022-09-10,1149.66
2022-09-11,1322.58
2022-09-12,1864.39
2022-09-13,1783.69
2022-09-14,1716.6299999999999
2022-09-15,1513.32
2022-09-16,1141.27
2022-09-17,948.44
2022-09-18,1407.46
2022-09-19,1846.57
2022-09-20,1815.13
2022-09-21,1708.24
2022-09-22,2072.94
2022-09-23,1389.64
2022-09-24,1233.5
2022-09-25,1325.72
2022-09-26,2072.94
2022-09-27,2106.48
2022-09-28,2111.73
2022-09-29,1652.6999999999998
2022-09-30,1365.55
2022-10-01,1307.8999999999999
2022-10-02,1869.63
2022-10-03,2257.4
2022-10-04,1991.272
2022-10-05,1604.49
2022-10-06,1625.44
2022-10-07,1332.01
2022-10-08,1255.51
2022-10-09,1606.58
2022-10-10,2217.57
2022-10-11,2110.67
2022-10-12,2151.55
2022-10-13,1996.44
2022-10-14,1435.77
2022-10-15,1060.58
2022-10-16,1709.2800000000002
2022-10-17,2446.03
2022-10-18,2157.83
2022-10-19,2225.95
2022-10-20,2003.78
2022-10-21,1350.87
2022-10-22,1018.6600000000001
2022-10-23,1609.73
2022-10-24,2284.6400000000003
2022-10-25,2049.89
2022-10-26,2322.37
2022-10-27,2075.0299999999997
2022-10-28,1640.1200000000001
2022-10-29,1247.12
2022-10-30,1782.65
2022-10-31,2245.8700000000003
2022-11-01,2389.44
2022-11-02,2271.02
2022-11-03,1629.6399999999999
2022-11-04,1255.5
2022-11-05,981.97
2022-11-06,1621.26
2022-11-07,2547.68
2022-11-08,2556.0799999999995
2022-11-09,2033.1200000000001
2022-11-10,2203.94
2022-11-11,1430.51
2022-11-12,1188.4399999999998
2022-11-13,1358.21
2022-11-14,2213.37
2022-11-15,2435.55
2022-11-16,2358.0
2022-11-17,2684.9700000000003
2022-11-18,1743.8799999999999
2022-11-19,1505.98
2022-11-20,1426.3200000000002
2022-11-21,2171.4599999999996
2022-11-22,1713.4799999999998
2022-11-23,652.9
2022-11-24,374.14000000000004
2022-11-25,395.09
2022-11-26,706.3499999999999
2022-11-27,1196.82
2022-11-28,2302.46
2022-11-29,2415.64
2022-11-30,2535.1099999999997
2022-12-01,2372.67
2022-12-02,1533.22
2022-12-03,1313.15
2022-12-04,1460.86
2022-12-05,2377.05
2022-12-06,2318.4
2022-12-07,2289.09
2022-12-08,1845.1999999999998
2022-12-09,1242.07
2022-12-10,856.6500000000001
2022-12-11,1162.46
2022-12-12,2385.42
2022-12-13,2335.19
2022-12-14,1989.6399999999999
2022-12-15,2482.81
2022-12-16,1550.96
2022-12-17,1277.6
2022-12-18,1642.08
2022-12-19,2433.64
2022-12-20,2223.21
2022-12-21,1901.7700000000002
2022-12-22,1622.3
2022-12-23,1446.2900000000002
2022-12-24,1340.46
2022-12-25,1385.4699999999998
2022-12-26,1875.46
2022-12-27,2769.7000000000003
2022-12-28,2366.59
2022-12-29,2052.4300000000003
2022-12-30,1305.9099999999999
2022-12-31,1058.0
2023-01-01,1529.6599999999999
2023-01-02,2507.2799999999997
2023-01-03,2617.84
2023-01-04,2440.89
2023-01-05,2398.05
2023-01-06,1536.43
2023-01-07,1412.046
2023-01-08,1897.21
2023-01-09,2305.38
2023-01-10,2323.19
2023-01-11,2118.16
2023-01-12,1753.1100000000001
2023-01-13,1729.43
2023-01-14,1301.82
2023-01-15,2108.5
2023-01-16,2304.66
2023-01-17,2296.4
2023-01-18,1812.66
2023-01-19,1927.44
2023-01-20,1303.91
2023-01-21,1621.5600000000002
2023-01-22,1937.7700000000002
2023-01-23,2356.97
2023-01-24,2255.2000000000003
2023-01-25,2165.64
2023-01-26,2272.65
2023-01-27,1593.44
2023-01-28,1429.69
2023-01-29,2020.91
2023-01-30,2644.24
2023-01-31,2575.74
2023-02-01,2392.2
2023-02-02,2199.74
2023-02-03,1745.7700000000002
2023-02-04,1592.01
2023-02-05,2004.1299999999999
2023-02-06,2321.08
2023-02-07,2194.51
2023-02-08,2035.52
2023-02-09,2341.99
2023-02-10,1627.57
2023-02-11,1243.7
2023-02-12,1690.3400000000001
2023-02-13,1914.18
2023-02-14,1937.1899999999998
2023-02-15,2090.95
2023-02-16,1976.9399999999998
2023-02-17,1583.65
2023-02-18,1401.6399999999999
2023-02-19,1634.9
2023-02-20,2108.7400000000002
2023-02-21,1982.17
2023-02-22,2514.613
2023-02-23,2021.9099999999999
2023-02-24,1719.6299999999999
2023-02-25,1282.3999999999999
2023-02-26,1177.8
2023-02-27,1753.1
2023-02-28,2166.27
2023-03-01,2156.85
2023-03-02,2077.36
2023-03-03,1805.3899999999999
2023-03-04,1226.96
2023-03-05,1611.89
2023-03-06,2262.49
2023-03-07,2064.81
2023-03-08,2328.39
2023-03-09,2014.59
2023-03-10,1206.0299999999997
2023-03-11,974.87
2023-03-12,2194.5
2023-03-13,2761.44
2023-03-14,2627.55
2023-03-15,2468.56
2023-03-16,2013.55
2023-03-17,1605.6100000000001
2023-03-18,1822.1299999999999
2023-03-19,1904.7699999999998
2023-03-20,2304.3300000000004
2023-03-21,2312.7000000000003
2023-03-22,2183.01
2023-03-23,1934.84
2023-03-24,1774.1100000000001
2023-03-25,1258.33
2023-03-26,1534.4799999999998
2023-03-27,2012.5
2023-03-28,2323.16
2023-03-29,1945.56
2023-03-30,1971.71
2023-03-31,1409.449999999997
2023-04-01,1222.6499999999999
2023-04-02,1506.89
2023-04-03,1980.2800000000002
2023-04-04,1940.5600000000002
2023-04-05,2156.8900000000003
2023-04-06,1004.24
2023-04-07,290.51
2023-04-08,686.56
2023-04-09,1419.1100000000001
2023-04-10,2536.2200000000003
2023-04-11,2211.22
2023-04-12,2312.5899999999997
2023-04-13,1907.13
2023-04-14,1448.37
2023-04-15,1204.89
2023-04-16,1644.8400000000001
2023-04-17,2291.6800000000003
2023-04-18,2463.07
2023-04-19,2148.51
2023-04-20,1989.68
2023-04-21,1310.43
2023-04-22,1198.6200000000001
2023-04-23,1517.3400000000001
2023-04-24,2490.24
2023-04-25,2719.1
2023-04-26,2373.2000000000003
2023-04-27,2077.4500000000003
2023-04-28,1420.16
2023-04-29,997.97
2023-04-30,1539.8999999999999
2023-05-01,1988.8300000000002
2023-05-02,2280.1
2023-05-03,2422.08
2023-05-04,1940.8
2023-05-05,1363.47
2023-05-06,1149.44
2023-05-07,1664.14
2023-05-08,2487.85
2023-05-09,2401.2000000000003
2023-05-10,2176.74
2023-05-11,1761.23
2023-05-12,1308.13
2023-05-13,1432.37
2023-05-14,1597.3200000000002
2023-05-15,2203.88
2023-05-16,2162.13
2023-05-17,2210.15
2023-05-18,2149.6
2023-05-19,1338.4099999999999
2023-05-20,1229.83
2023-05-21,1571.2199999999998
2023-05-22,1929.31
2023-05-23,1943.93
2023-05-24,2160.04
2023-05-25,1933.49
2023-05-26,663.98
2023-05-27,411.33
2023-05-28,402.98
2023-05-29,1089.94
2023-05-30,1982.56
2023-05-31,1919.9099999999999
2023-06-01,1881.29
2023-06-02,1128.56
2023-06-03,990.76
2023-06-04,1628.6399999999999
2023-06-05,2150.64
2023-06-06,1914.7
2023-06-07,2033.7099999999998
2023-06-08,1656.83
2023-06-09,1175.55
2023-06-10,1314.3999999999999
2023-06-11,1612.98
2023-06-12,2327.07
2023-06-13,2185.09
2023-06-14,2192.4
2023-06-15,1935.57
2023-06-16,1315.44
2023-06-17,1006.42
2023-06-18,1363.46
2023-06-19,2437.74
2023-06-20,2101.57
2023-06-21,1940.8
2023-06-22,1982.56
2023-06-23,1253.85
2023-06-24,741.24
2023-06-25,1291.4279999999999
2023-06-26,2351.0879999999997
2023-06-27,2136.068
2023-06-28,2058.768
2023-06-29,1615.07
2023-06-30,346.61
2023-07-01,116.93
2023-07-02,433.26
2023-07-03,564.804
2023-07-04,1517.98
2023-07-05,2198.66
2023-07-06,1979.4199999999998
2023-07-07,1249.6599999999999
2023-07-08,1108.73
2023-07-09,1878.15
2023-07-10,2011.79
2023-07-11,2123.5
2023-07-12,2007.6100000000001
2023-07-13,1842.66
2023-07-14,942.732
2023-07-15,352.44399999999996
2023-07-16,1288.3
2023-07-17,2113.06
2023-07-18,2009.7
2023-07-19,2220.59
2023-07-20,1713.2
2023-07-21,1322.75
2023-07-22,1050.25
2023-07-23,1614.02
2023-07-24,2027.44
2023-07-25,2019.0900000000001
2023-07-26,1529.46
2023-07-27,1716.34
2023-07-28,1221.48
2023-07-29,1152.58
2023-07-30,1653.69
2023-07-31,1772.71
2023-08-01,1956.46
2023-08-02,1573.31
2023-08-03,1556.6
2023-08-04,1180.76
2023-08-05,941.6899999999999
2023-08-06,1996.1200000000001
2023-08-07,2169.44
2023-08-08,2116.19
2023-08-09,2305.15
2023-08-10,1830.13
2023-08-11,1205.82
2023-08-12,1228.78
2023-08-13,1554.52
2023-08-14,2103.66
2023-08-15,2004.48
2023-08-16,1963.77
2023-08-17,1978.3799999999999
2023-08-18,1366.59
2023-08-19,1009.55
2023-08-20,1487.7
2023-08-21,1913.65
2023-08-22,2134.98
2023-08-23,1635.95
2023-08-24,1982.56
2023-08-25,1038.78
2023-08-26,990.76
2023-08-27,1672.49
2023-08-28,2057.73
2023-08-29,2338.56
2023-08-30,2051.46
2023-08-31,1794.6299999999999
2023-09-01,618.05
2023-09-02,210.88
2023-09-03,620.13
2023-09-04,1361.3799999999999
2023-09-05,2245.64
2023-09-06,1989.8700000000001
2023-09-07,2140.2
2023-09-08,1394.78
2023-09-09,1004.33
2023-09-10,957.35
2023-09-11,2125.58
2023-09-12,2088.0
2023-09-13,2210.14
2023-09-14,1464.73
2023-09-15,1001.1959999999999
2023-09-16,1114.9920000000002
2023-09-17,1363.46
2023-09-18,1798.81
2023-09-19,1951.24
2023-09-20,1752.87
2023-09-21,1929.31
2023-09-22,1024.1599999999999
2023-09-23,1088.89
2023-09-24,1605.67
2023-09-25,2085.91
2023-09-26,2118.28
2023-09-27,2067.12
2023-09-28,1558.7
2023-09-29,1053.39
2023-09-30,1058.62
2023-10-01,1456.3799999999999
2023-10-02,2203.88
2023-10-03,1818.65
2023-10-04,1762.27
2023-10-05,1876.07
2023-10-06,1243.4
2023-10-07,1204.77
2023-10-08,1940.79
2023-10-09,2060.86
2023-10-10,2052.5099999999998
2023-10-11,2081.73
2023-10-12,2030.5800000000002
2023-10-13,1329.0100000000002
2023-10-14,981.36
2023-10-15,1259.07
2023-10-16,2308.28
2023-10-17,2224.76
2023-10-18,2059.81
2023-10-19,1870.8500000000001
2023-10-20,1429.23
2023-10-21,1095.16
2023-10-22,1571.2099999999998
2023-10-23,2151.6800000000003
2023-10-24,2015.97
2023-10-25,1817.6
2023-10-26,1890.6799999999998
2023-10-27,1633.86
2023-10-28,1171.3600000000001
2023-10-29,1443.8500000000001
2023-10-30,2118.2400000000002
2023-10-31,2695.61
2023-11-01,2397.03
2023-11-02,2323.94
2023-11-03,1674.57
2023-11-04,1437.59
2023-11-05,1973.17
2023-11-06,2176.74
2023-11-07,2284.27
2023-11-08,2062.94
2023-11-09,1963.77
2023-11-10,1498.1399999999999
2023-11-11,1198.52
2023-11-12,1754.97
2023-11-13,2042.07
2023-11-14,1775.8400000000001
2023-11-15,1763.32
2023-11-16,1793.59
2023-11-17,1166.15
2023-11-18,1291.43
2023-11-19,1784.2
2023-11-20,1832.22
2023-11-21,1804.03
2023-11-22,840.42
2023-11-23,468.76000000000005
2023-11-24,860.26
2023-11-25,947.96
2023-11-26,1800.89
2023-11-27,2678.91
2023-11-28,2461.7520000000004
2023-11-29,2524.4
2023-11-30,2070.15
2023-12-01,1748.34
2023-12-02,1591.54
2023-12-03,1826.6599999999999
2023-12-04,2247.79
2023-12-05,2119.26
2023-12-06,2440.08
2023-12-07,1873.68
2023-12-08,939.4599999999999
2023-12-09,823.45
2023-12-10,1386.71
2023-12-11,2489.18
2023-12-12,2421.2599999999998
2023-12-13,2568.6099999999997
2023-12-14,2223.7599999999998
2023-12-15,1344.92
2023-12-16,1298.94
2023-12-17,1809.9499999999998
2023-12-18,2624.0
2023-12-19,2604.14
2023-12-20,2548.7599999999998
2023-12-21,2246.76
2023-12-22,1182.9399999999998
2023-12-23,382.46
2023-12-24,662.54
2023-12-25,1231.01
2023-12-26,2502.77
2023-12-27,2737.89
2023-12-28,2536.2099999999996
2023-12-29,1344.9099999999999
2023-12-30,516.22
2023-12-31,940.5
2024-01-01,1707.53
2024-01-02,2586.38
2024-01-03,2492.3199999999997
2024-01-04,2711.78
2024-01-05,1793.21
2024-01-06,1561.2400000000002
2024-01-07,2082.68
2024-01-08,1978.1799999999998
2024-01-09,2561.29
2024-01-10,2640.7
2024-01-11,1956.24
2024-01-12,1603.0249999999999
2024-01-13,1459.865
2024-01-14,2338.71
2024-01-15,3012.74
2024-01-16,2916.59
2024-01-17,2611.46
2024-01-18,2492.33
2024-01-19,1849.66
2024-01-20,1473.45
2024-01-21,1745.15
2024-01-22,2214.3500000000004
2024-01-23,2169.42
2024-01-24,1981.32
2024-01-25,2023.1299999999999
2024-01-26,1248.77
2024-01-27,1322.98
2024-01-28,1766.05
2024-01-29,2530.9900000000002
2024-01-30,2441.12
2024-01-31,2664.16
2024-02-01,2216.4700000000003
2024-02-02,1640.13
2024-02-03,1581.5500000000002
2024-02-04,1945.56
2024-02-05,2420.44
2024-02-06,2490.5299999999997
2024-02-07,2416.25
2024-02-08,1937.2
2024-02-09,1456.03
2024-02-10,1461.26
2024-02-11,1786.56
2024-02-12,2415.22
2024-02-13,2493.66
2024-02-14,2256.2299999999996
2024-02-15,2189.28
2024-02-16,1483.23
2024-02-17,1275.0800000000002
2024-02-18,1650.58
2024-02-19,2004.1299999999999
2024-02-20,2383.8400000000006
2024-02-21,2104.56
2024-02-22,1994.73
2024-02-23,1626.53
2024-02-24,1208.1399999999999
2024-02-25,1775.0600000000002
2024-02-26,2315.8399999999997
2024-02-27,2196.6
2024-02-28,2254.13
2024-02-29,2694.9800000000005
2024-03-01,1753.7300000000002
2024-03-02,1278.38
2024-03-03,1460.56
2024-03-04,2528.5099999999998
2024-03-05,2295.02
2024-03-06,2120.1699999999996
2024-03-07,2195.5699999999997
2024-03-08,1032.34
2024-03-09,815.6199999999999
2024-03-10,2031.1799999999998
2024-03-11,2671.9399999999996
2024-03-12,2381.9199999999996
2024-03-13,2047.9400000000003
2024-03-14,2100.28
2024-03-15,1325.5
2024-03-16,1167.3999999999999
2024-03-17,1891.9299999999998
2024-03-18,2777.69
2024-03-19,2681.36
2024-03-20,2464.64
2024-03-21,2178.8
2024-03-22,1414.49
2024-03-23,1617.6200000000001
2024-03-24,1865.76
2024-03-25,2432.18
2024-03-26,2476.15
2024-03-27,2125.4
2024-03-28,815.61
2024-03-29,337.14
2024-03-30,673.22
2024-03-31,1263.73
2024-04-01,2549.4500000000003
2024-04-02,2872.97
2024-04-03,2687.6500000000005
2024-04-04,2245.82
2024-04-05,1585.16
2024-04-06,1404.03
2024-04-07,1383.0900000000001
2024-04-08,1974.6399999999999
2024-04-09,2359.9399999999996
2024-04-10,2067.83
2024-04-11,1644.8400000000001
2024-04-12,1108.7730000000001
2024-04-13,1149.6060000000002
2024-04-14,1576.79
2024-04-15,2246.86
2024-04-16,2385.066
2024-04-17,2078.29
2024-04-18,2130.64
2024-04-19,1572.59
2024-04-20,1189.3999999999999
2024-04-21,2078.2999999999997
2024-04-22,2311.78
2024-04-23,2041.6499999999999
2024-04-24,2099.24
2024-04-25,1818.6299999999999
2024-04-26,1273.1499999999999
2024-04-27,967.4300000000001
2024-04-28,1579.9199999999998
2024-04-29,1904.5
2024-04-30,2177.75
2024-05-01,1894.7839999999999
2024-05-02,1945.088
2024-05-03,1099.352
2024-05-04,1096.208
2024-05-05,1725.008
2024-05-06,2063.52
2024-05-07,2457.508
2024-05-08,2060.3700000000003
2024-05-09,1835.0499999999997
2024-05-10,1238.736
2024-05-11,1124.5040000000001
2024-05-12,1467.2
2024-05-13,2051.984
2024-05-14,2176.69
2024-05-15,1773.22
2024-05-16,1543.7040000000002
2024-05-17,1442.048
2024-05-18,1048.0
2024-05-19,1453.5700000000002
2024-05-20,1977.58
2024-05-21,2369.5299999999997
2024-05-22,2127.44
2024-05-23,1880.112
2024-05-24,762.9440000000001
2024-05-25,309.15999999999997
2024-05-26,665.48
2024-05-27,1413.752
2024-05-28,1997.4879999999998
2024-05-29,2116.96
2024-05-30,1749.1100000000001
2024-05-31,1260.75
2024-06-01,1302.67
2024-06-02,1794.18
2024-06-03,2094.96
2024-06-04,2204.99
2024-06-05,2214.43
2024-06-06,1870.68
2024-06-07,1337.248
2024-06-08,1260.7440000000001
2024-06-09,1781.6
2024-06-10,2026.83
2024-06-11,2035.21
2024-06-12,2012.16
2024-06-13,2214.42
2024-06-14,1030.184
2024-06-15,1095.16
2024-06-16,1721.87
2024-06-17,2076.09
2024-06-18,1856.008
2024-06-19,2160.976
2024-06-20,1830.85
2024-06-21,1241.88
2024-06-22,1117.171
2024-06-23,1796.274
2024-06-24,2045.6979999999999
2024-06-25,2260.54
2024-06-26,2361.142
2024-06-27,1627.5420000000001
2024-06-28,990.36
2024-06-29,990.358
2024-06-30,1994.3400000000001
2024-07-01,2460.7039999999997
2024-07-02,1848.672
2024-07-03,541.816
2024-07-04,51.352000000000004
2024-07-05,135.192
2024-07-06,579.544
2024-07-07,1400.128
2024-07-08,2349.616
2024-07-09,2025.784
2024-07-10,1967.096
2024-07-11,2023.688
2024-07-12,964.1600000000001
2024-07-13,404.52799999999996
2024-07-14,1119.2640000000001
2024-07-15,2351.712
2024-07-16,2096.0
2024-07-17,2276.2560000000003
2024-07-18,2241.672
2024-07-19,1370.784
2024-07-20,909.664
2024-07-21,1715.576
2024-07-22,2092.856
2024-07-23,2051.984
2024-07-24,2127.44
2024-07-25,2045.696
2024-07-26,1311.048
2024-07-27,1166.424
2024-07-28,1447.288
2024-07-29,2033.12
2024-07-30,2000.632
2024-07-31,2086.56
2024-08-01,1777.408
2024-08-02,1379.1680000000001
2024-08-03,1318.384
2024-08-04,1223.016
2024-08-05,1831.904
2024-08-06,1607.6319999999998
2024-08-07,1655.84
2024-08-08,1258.648
2024-08-09,1291.136
2024-08-10,719.976
2024-08-11,1094.112
2024-08-12,1588.768
2024-08-13,1778.456
2024-08-14,1456.72
2024-08-15,1347.728
2024-08-16,1119.2640000000001
2024-08-17,955.7760000000001
2024-08-18,1125.552
2024-08-19,1892.68
2024-08-20,2133.73
2024-08-21,2049.89
2024-08-22,1275.41
2024-08-23,1052.19
2024-08-24,883.46
2024-08-25,1553.14
2024-08-26,1943.0
2024-08-27,2011.1100000000001
2024-08-28,1824.5700000000002
2024-08-29,1395.94
2024-08-30,685.39
2024-08-31,206.45000000000002
2024-09-01,397.19
2024-09-02,1032.28
2024-09-03,2090.7599999999998
2024-09-04,2099.14
2024-09-05,2037.31
2024-09-06,1445.19
2024-09-07,1173.77
2024-09-08,1779.5
2024-09-09,2259.4900000000002
2024-09-10,2184.03
2024-09-11,2053.04
2024-09-12,1628.6
2024-09-13,1247.12
2024-09-14,771.33
2024-09-15,1573.05
2024-09-16,2179.84
2024-09-17,1966.0500000000002
2024-09-18,2216.52
2024-09-19,1997.49
2024-09-20,1271.224
2024-09-21,979.88
2024-09-22,1507.03
2024-09-23,1667.37
2024-09-24,1906.31
2024-09-25,1598.2
2024-09-26,1731.29
2024-09-27,1202.06
2024-09-28,740.94
2024-09-29,1066.87
2024-09-30,1561.52
2024-10-01,2280.4500000000003
2024-10-02,1671.56
2024-10-03,1516.46
2024-10-04,1106.69
2024-10-05,898.14
2024-10-06,1512.26
2024-10-07,1879.0600000000002
2024-10-08,1753.5
2024-10-09,1938.8
2024-10-10,1551.04
2024-10-11,1064.77
2024-10-12,1038.5700000000002
2024-10-13,1485.02
2024-10-14,2447.0799999999995
2024-10-15,2210.22
2024-10-16,2059.81
2024-10-17,1870.8500000000001
2024-10-18,1429.23
2024-10-19,1095.16
2024-10-20,1571.2099999999998
2024-10-21,2151.6800000000003
2024-10-22,2015.97
2024-10-23,1817.6
2024-10-24,1890.6799999999998
2024-10-25,1633.86
2024-10-26,1171.3600000000001
2024-10-27,1443.8500000000001
2024-10-28,2118.2400000000002
2024-10-29,2695.61
2024-10-30,1763.0
2024-10-31,1876.0
2024-11-01,1674.57
2024-11-02,1437.59
2024-11-03,1973.17
2024-11-04,2176.74
2024-11-05,2284.27
2024-11-06,2062.94
2024-11-07,1963.77
2024-11-08,1674.57
2024-11-09,1437.59
2024-11-10,1973.17
2024-11-11,2176.74
2024-11-12,2284.27
2024-11-13,2062.94
2024-11-14,1963.77
2024-11-15,1674.57
2024-11-16,1437.59
2024-11-17,1973.17
2024-11-18,2176.74
2024-11-19,2284.27
2024-11-20,2062.94
2024-11-21,1963.77
2024-11-22,1674.57
2024-11-23,1437.59
2024-11-24,1973.17
2024-11-25,2176.74
2024-11-26,2284.27
2024-11-27,840.42
2024-11-28,468.76000000000005
2024-11-29,860.26
2024-11-30,947.96
